run,game,bucket,depth,n_steps,n_repeats,axis_pool,global_pool,axis_cummax,input_skip,best_loss,final_loss,final_change_acc,loss_ratio_q3_to_q4,n_train_steps,bfs_err_mean,bfs_err_l0,bfs_err_heldout,astar_err_mean,astar_err_l0,astar_err_heldout,random_err_mean,random_tf_err_mean
Bouncers__A_d8,Bouncers,A,8,8,8,True,True,True,False,0.06016805022954941,0.060197122395038605,1.0,1.176234748511101,15000,0.08242384396230551,0.009259259259259259,0.10071499013806706,,,,0.09382165242165243,0.06809693732193732
Bouncers__B_d8,Bouncers,B,8,8,1,True,True,True,False,0.06080997362732887,0.0608394518494606,1.0,1.1760444751902526,15000,0.0674689270843117,0.001984126984126984,0.08384012710935787,,,,0.08568589743589744,0.0591110398860399
Bouncers__C_d8,Bouncers,C,8,8,8,False,False,False,True,0.06062949448823929,0.06064091622829437,1.0,1.176029773254044,15000,0.058294590025359264,0.001984126984126984,0.07237220578566733,,,,0.08118183760683759,0.05070007122507122
Bouncers__D_d8,Bouncers,D,8,8,1,False,False,False,True,0.060858748853206635,0.06087064370512962,1.0,1.1760543245848099,15000,0.05921229767383614,0.001984126984126984,0.07351934034626342,,,,0.07574722222222222,0.050018874643874646
Heroes_of_Sokoban__A_d8,Heroes_of_Sokoban,A,8,8,8,True,True,True,False,0.07386406511068344,0.07396076619625092,1.0,1.1764484341382524,15000,0.2439587647268674,0.0,0.25557584876148015,0.24412676152046509,0.0,0.255751845402392,0.25725788547948886,0.24090822403537188
Heroes_of_Sokoban__B_d8,Heroes_of_Sokoban,B,8,8,1,True,True,True,False,0.07529491186141968,0.07539341598749161,1.0,1.176240484437666,15000,0.26452117766445127,0.0,0.2771174242199014,0.23904753842976678,0.0,0.25043075454547,0.2532719734505698,0.2427617759141735
Heroes_of_Sokoban__C_d8,Heroes_of_Sokoban,C,8,8,8,False,False,False,True,0.07486122846603394,0.07495933026075363,1.0,1.1764150253745793,15000,0.2638133500068112,0.0,0.27637589048332606,0.2661389027551017,0.0,0.278812183838678,0.28135187164372977,0.23258236935669496
Heroes_of_Sokoban__D_d8,Heroes_of_Sokoban,D,8,8,1,False,False,False,True,0.07587122172117233,0.07597078382968903,1.0,1.179639766929105,15000,0.2569684725006621,0.0,0.2692050664292651,0.2559718397060185,0.0,0.26816097493011465,0.2717713244076382,0.23346848656671335
Microban__A_d8,Microban,A,8,8,8,True,True,True,False,0.0851944163441658,0.08592945337295532,1.0,1.1766017036967151,15000,0.206161104833555,0.0,0.22906789425950555,0.20264682395117636,0.0,0.2251631377235293,0.19626334776334778,0.10145205327080328
Microban__B_d8,Microban,B,8,8,1,True,True,True,False,0.08682551980018616,0.08757446706295013,1.0,1.176161713244437,15000,0.19679677948460045,0.0,0.21866308831622275,0.1921494730299695,0.0,0.2134994144777439,0.20193933982683981,0.06056267135642135
Microban__C_d8,Microban,C,8,8,8,False,False,False,True,0.0862111747264862,0.0869549885392189,1.0,1.1762411698537178,15000,0.23273452443499137,0.0,0.2585939160388794,0.22915110084306586,0.0,0.2546123342700732,0.1972396765271765,0.06440821608946609
Microban__D_d8,Microban,D,8,8,1,False,False,False,True,0.08716784417629242,0.08791990578174591,1.0,1.1761213396634975,15000,0.13992112704311765,0.0,0.15546791893679737,0.1322219941927372,0.0,0.1469133268808191,0.14473157467532466,0.05192919672919673
Travelling_salesman__A_d8,Travelling_salesman,A,8,8,8,True,True,True,False,0.0017014567274600267,0.0017054879572242498,1.0,1.8513678196901604,50000,0.558685718926947,0.45142857142857146,0.5684363686995266,0.5591477072310406,0.45142857142857146,0.568940355940356,0.6702073032448848,0.16244212449112197
Travelling_salesman__B_d8,Travelling_salesman,B,8,8,1,True,True,True,False,0.001718927756883204,0.0017230005469173193,1.0,1.8513521418129388,50000,0.49953664022168626,0.26857142857142857,0.5205334776444368,0.5091161192222179,0.26857142857142857,0.5309838183722895,0.5005696442163611,0.21049404034778305
Travelling_salesman__C_d8,Travelling_salesman,C,8,8,8,False,False,False,True,0.0017049831803888083,0.0017090227920562029,1.0,1.8513649092020106,50000,0.39718430090645346,0.0,0.43329196462522196,0.40778105795057895,0.0,0.4448520632188134,0.4308674051088921,0.1287597737951581
Travelling_salesman__D_d8,Travelling_salesman,D,8,8,1,False,False,False,True,0.001716289552859962,0.001720355823636055,1.0,1.8513546290075855,50000,0.37103571669674434,0.0,0.4047662363964484,0.37644693413427754,0.0,0.41066938269193914,0.37489262172185317,0.10440395417556238
nekopuzzle__A_d8,nekopuzzle,A,8,8,8,True,True,True,False,0.014523117803037167,0.014937817119061947,1.0,1.1765002215618103,15000,0.09015660430839002,0.0,0.10017400478710002,0.09015660430839002,0.0,0.10017400478710002,0.10226733955106866,0.03468580470816799
nekopuzzle__B_d8,nekopuzzle,B,8,8,1,True,True,True,False,0.01480511762201786,0.015227874740958214,1.0,1.1762991116565844,15000,0.07470202664399092,0.0,0.08300225182665659,0.07470202664399092,0.0,0.08300225182665659,0.0863466970998926,0.0239537109757983
nekopuzzle__C_d8,nekopuzzle,C,8,8,8,False,False,False,True,0.014496590942144394,0.015393555164337158,1.0,1.1680866306607016,15000,0.07045918367346939,0.0,0.07828798185941042,0.07045918367346939,0.0,0.07828798185941042,0.07353791544718663,0.03954892687649384
nekopuzzle__D_d8,nekopuzzle,D,8,8,1,False,False,False,True,0.014570835046470165,0.015469400212168694,1.0,1.1681769293137687,15000,0.06588116496598638,0.0,0.07320129440665155,0.06588116496598638,0.0,0.07320129440665155,0.07779054232804233,0.02927105750520929
sokoban_basic__A_d8,sokoban_basic,A,8,8,8,True,True,True,False,1.262310149741097e-07,1.4146067428555398e-07,1.0,2.888563156402741,15000,0.04985119047619047,0.0,0.09970238095238095,0.04985119047619047,0.0,0.09970238095238095,0.08402380952380951,0.033119047619047624
sokoban_basic__B_d8,sokoban_basic,B,8,8,1,True,True,True,False,7.914464816849431e-08,8.38905336308926e-08,1.0,2.233094015197697,15000,0.04613095238095238,0.0,0.09226190476190475,0.04613095238095238,0.0,0.09226190476190475,0.0881904761904762,0.03588095238095239
sokoban_basic__C_d8,sokoban_basic,C,8,8,8,False,False,False,True,8.681615781824803e-08,9.981830118022117e-08,1.0,2.159130754855181,15000,0.06473214285714285,0.0,0.1294642857142857,0.06473214285714285,0.0,0.1294642857142857,0.09657142857142859,0.038309523809523814
sokoban_basic__D_d8,sokoban_basic,D,8,8,1,False,False,False,True,1.6327838636698289e-07,1.9538802575880254e-07,1.0,2.053015053932845,15000,0.033482142857142856,0.0,0.06696428571428571,0.033482142857142856,0.0,0.06696428571428571,0.05288095238095239,0.026190476190476188
