game,engine,batch,steps,median_fps,q25_fps,q75_fps,compile_s,temporary_bytes,stop_reason
sokoban_basic,jax_h200,1,5000,2963.512337551012,2947.1083739580645,2966.2366228541728,11.459554163971916,19552,plateau
sokoban_basic,jax_h200,16,312,27502.411011353135,27497.79894136777,28327.85905661345,11.639219166943803,134240,plateau
sokoban_basic,jax_h200,256,100,303840.69975947955,297405.08403623966,305681.2192331944,12.247133509954438,1727584,plateau
sokoban_basic,jax_h200,1024,100,1147947.74161354,1084471.8415139725,1175627.7964079042,12.590016873087734,6642272,plateau
sokoban_basic,jax_h200,4096,100,3207384.0749332677,3053811.693945493,3370206.7081389152,12.758733128895983,28103520,plateau
sokoban_basic,jax_h200,16384,100,6259157.276508794,6253020.193133889,6452318.067915893,11.890589450020343,112363104,plateau
sokoban_basic,jax_h200,32768,100,7399046.983497631,7396078.1009667115,7463823.857981252,11.869485194096342,224741216,plateau
sokoban_basic,jax_h200,65536,100,8167361.501716302,8163920.847202344,8169403.103932975,12.709719222038984,449466208,plateau
sokoban_basic,jax_h200,131072,100,8954649.621272476,8952836.741922634,8956143.27685396,14.46143127209507,898912608,plateau
sokoban_basic,jax_h200,262144,100,9278362.100874394,9277984.959118439,9278655.34154935,17.984411193057895,1797804384,plateau
sokoban_basic,jax_h200,524288,100,9399910.206192965,9399610.68896124,9401659.617956737,25.796551309991628,3595588704,plateau
sokoban_basic,jax_h200,1048576,100,9560740.673560046,9558674.697626688,9561068.631393522,40.09541200497188,7191155808,plateau
sokoban_basic,cpp_optimized_cpu,1,5000,13709.246724250937,13562.790421500606,13741.79241762012,,,regression
sokoban_basic,cpp_optimized_cpu,2,2500,27521.895933524906,26868.50348420144,27594.231207223027,,,regression
sokoban_basic,cpp_optimized_cpu,4,1250,54441.92853919595,54393.921718802456,54491.79441467516,,,regression
sokoban_basic,cpp_optimized_cpu,8,625,106994.66376804166,106939.86964620327,107290.85602957319,,,regression
sokoban_basic,cpp_optimized_cpu,16,312,211260.2182209621,210691.10907251906,211595.32320814327,,,regression
sokoban_basic,cpp_optimized_cpu,32,156,274862.9374855585,272916.90798780497,404432.6023835339,,,regression
sokoban_basic,cpp_optimized_cpu,64,100,759089.1648917262,756590.1211830552,760320.9120379898,,,regression
sokoban_basic,cpp_optimized_cpu,128,100,594557.4798876769,276752.46207058895,819914.1963282311,,,regression
sokoban_basic,cpp_optimized_cpu,256,100,1215228.6128392215,1180532.7217834082,1215460.5340390794,,,regression
sokoban_basic,cpp_optimized_cpu,512,100,1342968.0442405026,1331221.8700187162,1347363.379013881,,,regression
sokoban_basic,cpp_optimized_cpu,1024,100,1411871.9464511848,1407583.773489534,1419244.2159484704,,,regression
sokoban_basic,cpp_optimized_cpu,2048,100,1472852.8006103642,1472028.090759727,1474413.6063322169,,,regression
sokoban_basic,cpp_optimized_cpu,4096,100,1259687.1180819706,1149538.9417708383,1326514.2428553938,,,regression
notsnake,jax_h200,1,5000,1869.1569597006842,1868.2565133602166,1869.325688032553,16.05220338399522,23648,plateau
notsnake,jax_h200,16,312,18438.628253038874,18425.43632747447,18445.17669103639,16.220151592046022,140128,plateau
notsnake,jax_h200,256,100,261289.0977484392,257469.57173322633,261936.4413446522,15.918491446878761,1681248,plateau
notsnake,jax_h200,1024,100,1014904.6075457309,1014575.1033247769,1016222.6236532816,15.250990584958345,6674272,plateau
notsnake,jax_h200,4096,100,3099154.6687734025,3098957.805443321,3106841.0982228057,15.109581867000088,29251424,plateau
notsnake,jax_h200,16384,100,7076286.076118787,7073902.114660498,7079886.291643002,14.280096631962806,116923744,plateau
notsnake,jax_h200,32768,100,8715236.430314634,8684696.67060732,8722318.258804113,14.473339307121933,233862496,plateau
notsnake,jax_h200,65536,100,9828465.663136343,9819232.079371588,9829768.407967541,14.856120012002066,467696992,plateau
notsnake,jax_h200,131072,100,10707071.299695803,10706509.878576392,10710895.492495414,15.631178579991683,935364448,plateau
notsnake,jax_h200,262144,100,11156801.656268734,11152196.505501498,11157035.714527817,17.747002850053832,1870694240,plateau
notsnake,jax_h200,524288,100,11373395.116097199,11372802.833371786,11377420.90499295,22.605395045131445,3741354592,plateau
notsnake,jax_h200,1048576,100,11537635.488169534,11535106.961364463,11540906.440315269,31.71220875205472,7482673760,plateau
notsnake,cpp_optimized_cpu,1,5000,21116.70061622099,21060.927917008685,21138.494620451842,,,regression
notsnake,cpp_optimized_cpu,2,2500,27514.39666694198,27490.07730583506,27540.253140495086,,,regression
notsnake,cpp_optimized_cpu,4,1250,54603.217429648554,54591.84845547439,54703.9122029327,,,regression
notsnake,cpp_optimized_cpu,8,625,107530.02351247617,107460.77859382205,107696.69955221502,,,regression
notsnake,cpp_optimized_cpu,16,312,208896.289250701,207098.80214583589,209484.9546017115,,,regression
notsnake,cpp_optimized_cpu,32,156,514991.21319700975,509986.49188169034,515273.2026793611,,,regression
notsnake,cpp_optimized_cpu,64,100,767458.321469207,747475.3668008768,767814.0098967421,,,regression
notsnake,cpp_optimized_cpu,128,100,1046044.6855060668,1031158.6763915233,1049173.9407758785,,,regression
notsnake,cpp_optimized_cpu,256,100,1266702.9378533885,1232506.5815671068,1289729.86102079,,,regression
notsnake,cpp_optimized_cpu,512,100,1277613.6838450031,1218403.5429714362,1343356.5213838592,,,regression
notsnake,cpp_optimized_cpu,1024,100,1336511.5283214191,1270680.8521180043,1370318.2848377898,,,regression
notsnake,cpp_optimized_cpu,2048,100,1490046.981417637,1462838.7834945794,1493584.8090270632,,,regression
notsnake,cpp_optimized_cpu,4096,100,1282330.7235518033,1275599.9473801735,1283224.0378524095,,,regression
Zen_Puzzle_Garden,jax_h200,1,5000,2895.9014265266323,2885.5446498855995,2908.269887779096,8.596288410946727,31072,plateau
Zen_Puzzle_Garden,jax_h200,16,312,37626.985121339785,37515.2870811741,37733.96071716986,8.607802168931812,329568,plateau
Zen_Puzzle_Garden,jax_h200,256,100,561987.7038677005,561560.3515760665,562134.1081332333,8.882298625074327,5101408,plateau
Zen_Puzzle_Garden,jax_h200,1024,100,1642142.6424855168,1642113.3041059673,1644157.9946239816,9.29827936901711,25709152,plateau
Zen_Puzzle_Garden,jax_h200,4096,100,3286190.16824404,3284963.132059566,3289498.833569924,9.919807884842157,102814560,plateau
Zen_Puzzle_Garden,jax_h200,16384,100,4557420.936916861,4556889.612261389,4559476.078201439,6.797314678085968,411120992,plateau
Zen_Puzzle_Garden,jax_h200,32768,100,4734454.06813379,4733173.134367497,4735655.536521306,7.160731297917664,822424928,plateau
Zen_Puzzle_Garden,jax_h200,65536,100,5019676.190879037,5018872.018789057,5020159.488284734,7.15582410315983,1644639584,plateau
Zen_Puzzle_Garden,jax_h200,131072,100,5055535.098252642,5051912.0446369145,5056431.936012822,7.1684052150230855,3289266016,plateau
Zen_Puzzle_Garden,jax_h200,262144,100,5110070.104666897,5109476.343725525,5110203.578077198,7.143421124201268,6578517856,plateau
Zen_Puzzle_Garden,cpp_optimized_cpu,1,5000,15099.773141812198,14965.664914272338,15515.744111246555,,,plateau
Zen_Puzzle_Garden,cpp_optimized_cpu,2,2500,16545.24545426417,16016.663626547755,16546.33332526467,,,plateau
Zen_Puzzle_Garden,cpp_optimized_cpu,4,1250,32670.52800612314,32484.116106808382,32854.950514238735,,,plateau
Zen_Puzzle_Garden,cpp_optimized_cpu,8,625,64917.62946617647,64408.79266404929,65257.50055214799,,,plateau
Zen_Puzzle_Garden,cpp_optimized_cpu,16,312,127910.48186882985,126534.60961914543,128259.38950098683,,,plateau
Zen_Puzzle_Garden,cpp_optimized_cpu,32,156,284644.0894442299,277486.7376406738,290780.7193998072,,,plateau
Zen_Puzzle_Garden,cpp_optimized_cpu,64,100,342559.90674642776,341794.7921258077,343040.3547519538,,,plateau
Zen_Puzzle_Garden,cpp_optimized_cpu,128,100,381715.0263219844,378651.6885200276,384877.25943349913,,,plateau
Zen_Puzzle_Garden,cpp_optimized_cpu,256,100,448656.94699353975,447997.23752056283,449188.71361622156,,,plateau
Zen_Puzzle_Garden,cpp_optimized_cpu,512,100,441057.8411039482,436181.8364394838,453819.87219841115,,,plateau
Zen_Puzzle_Garden,cpp_optimized_cpu,1024,100,474406.5272815343,473827.98315991357,474493.51698358543,,,plateau
Zen_Puzzle_Garden,cpp_optimized_cpu,2048,100,473609.2930128714,473503.19955410983,473818.53123850387,,,plateau
Zen_Puzzle_Garden,cpp_optimized_cpu,4096,100,472383.76622558513,468912.22458620335,472399.9490371989,,,plateau
Slidings,jax_h200,1,5000,615.0397552941116,612.6500696449541,615.3179993638754,68.96428480092436,69728,plateau
Slidings,jax_h200,16,312,4679.634539414582,4675.189684109342,4687.57564178945,56.03576851799153,176992,plateau
Slidings,jax_h200,256,100,62794.411993796144,62752.231498032095,62804.847638033425,54.041620317148045,1811040,plateau
Slidings,jax_h200,1024,100,234697.9541344351,234519.8174974776,234707.87154113167,55.73006718815304,7081056,plateau
Slidings,jax_h200,4096,100,725285.1653313978,723617.7279119542,725448.0966335207,51.982803418068215,28106592,plateau
Slidings,jax_h200,16384,100,1508582.687975689,1508138.7780693248,1511218.2754601866,58.28934199386276,112205664,plateau
Slidings,jax_h200,32768,100,1818970.7184401497,1818735.6766389962,1819110.5976900042,76.15073417592794,224408744,plateau
Slidings,jax_h200,65536,100,2072299.037638486,2072205.6825462228,2073350.325038511,81.08683001506142,448739496,plateau
Slidings,jax_h200,131072,100,2221850.624375034,2221675.764173265,2222898.2716891025,110.4340645079501,897402536,plateau
Slidings,jax_h200,262144,100,2288815.034186298,2288757.4526940915,2289043.785381479,175.33076420309953,1794725544,plateau
Slidings,jax_h200,524288,100,2339469.4973998507,2339142.774971536,2339527.5682390253,124.0098503769841,3589364136,plateau
Slidings,jax_h200,1048576,100,2359643.15467246,2359137.0269759987,2359752.3772195624,164.01305999304168,7178640296,plateau
Slidings,cpp_optimized_cpu,1,5000,19325.982913566368,19321.056486112306,19341.729229868895,,,regression
Slidings,cpp_optimized_cpu,2,2500,24444.00587434627,24404.916973965264,24474.000524808624,,,regression
Slidings,cpp_optimized_cpu,4,1250,46191.66886696271,45874.02067031822,46231.9816610724,,,regression
Slidings,cpp_optimized_cpu,8,625,88243.1256951639,88149.94229305774,88261.84290191333,,,regression
Slidings,cpp_optimized_cpu,16,312,170059.4631864983,169267.05349458902,170570.81161095522,,,regression
Slidings,cpp_optimized_cpu,32,156,425666.954891424,420375.32607051765,427807.71184534905,,,regression
Slidings,cpp_optimized_cpu,64,100,584355.9504504558,582783.2107630499,587180.1393521009,,,regression
Slidings,cpp_optimized_cpu,128,100,763574.1758847394,761067.8990921716,765899.6066041288,,,regression
Slidings,cpp_optimized_cpu,256,100,911624.7465021838,910270.8962176645,918447.1247153637,,,regression
Slidings,cpp_optimized_cpu,512,100,983573.3517148829,983411.4137126117,987901.6595637932,,,regression
Slidings,cpp_optimized_cpu,1024,100,995993.4472350084,992987.8977739208,1005116.3287817296,,,regression
Slidings,cpp_optimized_cpu,2048,100,939812.0855359278,935437.228755637,942577.2639223405,,,regression
Slidings,cpp_optimized_cpu,4096,100,832045.6741825856,772583.715807239,878756.6516717362,,,regression
limerick,jax_h200,1,5000,703.7594623535641,702.6717119996184,703.9759896254511,62.40126803610474,123832,plateau
limerick,jax_h200,16,312,12730.144247894781,12717.377743436164,12734.559031004474,42.41056738514453,1337696,plateau
limerick,jax_h200,256,100,150418.62782098277,148834.569996466,153184.18910571642,44.7326034179423,21376352,plateau
limerick,jax_h200,1024,100,324216.1524241521,302367.12462224875,329740.97617778974,46.30929705989547,84149088,plateau
limerick,jax_h200,4096,100,416076.55367217667,372282.2919728307,431465.2046938387,49.15778880100697,337630680,plateau
limerick,jax_h200,16384,100,423555.6881006534,379508.5025177097,464099.16046143806,45.00149622396566,1350335448,plateau
limerick,jax_h200,32768,100,426135.41917679453,383772.3651068091,469561.9932375463,43.64162052003667,2700640728,plateau
limerick,cpp_optimized_cpu,1,5000,10944.82789456069,10941.660036810888,10956.04573828993,,,plateau
limerick,cpp_optimized_cpu,2,2500,11127.213520408432,11109.430404017805,11131.181192241507,,,plateau
limerick,cpp_optimized_cpu,4,1250,22095.672920030138,22084.867335731662,22097.917857510834,,,plateau
limerick,cpp_optimized_cpu,8,625,43751.138516177285,43629.06404727921,43800.42508539343,,,plateau
limerick,cpp_optimized_cpu,16,312,85000.61426497433,84426.1049762349,85116.90062667195,,,plateau
limerick,cpp_optimized_cpu,32,156,187643.10743407256,187345.41936332633,188408.78628380792,,,plateau
limerick,cpp_optimized_cpu,64,100,212960.49489520013,212250.48173998785,214213.7542112868,,,plateau
limerick,cpp_optimized_cpu,128,100,226209.60677248804,225851.5814365151,226507.1209904976,,,plateau
limerick,cpp_optimized_cpu,256,100,215703.723331376,215378.3667143614,216159.0491521331,,,plateau
limerick,cpp_optimized_cpu,512,100,225744.38805098788,225519.80005902876,228733.47430627752,,,plateau
limerick,cpp_optimized_cpu,1024,100,216543.0499132852,215531.33541681615,224491.28297336787,,,plateau
limerick,cpp_optimized_cpu,2048,100,211327.38755700472,199514.28226820644,216106.21162167724,,,plateau
limerick,cpp_optimized_cpu,4096,100,205092.5689978666,201702.91258585584,206092.2374387756,,,plateau
kettle,jax_h200,1,5000,526.583154370442,525.1887907739697,527.6225271353675,42.613307730993256,69864,plateau
kettle,jax_h200,16,312,5134.2751482222275,5133.485767007575,5173.692051359498,28.6064475690946,649584,plateau
kettle,jax_h200,256,100,59377.14146268468,59372.267225282856,59479.387655452556,54.157916265074164,8458096,plateau
kettle,jax_h200,1024,100,178629.5329784515,178435.57554016472,179178.45371031435,31.848805690184236,33700976,plateau
kettle,jax_h200,4096,100,351712.49990898895,351690.97242536856,352005.0974140264,27.65845602704212,156078336,plateau
kettle,jax_h200,16384,100,434520.14263057563,434486.7289851831,434660.8130552062,29.488056499045342,576153864,plateau
kettle,jax_h200,32768,100,456948.9696974677,456683.0922704657,457033.1590433469,27.73432372091338,1076915976,plateau
kettle,jax_h200,65536,100,472231.8965971338,472199.1489104651,472313.3319643428,29.975679801078513,2153772808,plateau
kettle,jax_h200,131072,100,479415.41970836435,479398.15367478604,479422.6275067607,33.61974489688873,4308530952,plateau
kettle,jax_h200,262144,100,483817.62093547004,483815.41986834817,483831.41105451196,42.84180082799867,8617260808,plateau
kettle,cpp_optimized_cpu,1,5000,10863.282138797767,10799.815904357973,10903.015330214237,,,plateau
kettle,cpp_optimized_cpu,2,2500,10891.716040252282,10735.724357410887,10934.511408521133,,,plateau
kettle,cpp_optimized_cpu,4,1250,21225.320274780355,21183.952510273393,21696.53128957235,,,plateau
kettle,cpp_optimized_cpu,8,625,42784.27988673354,42353.40679079993,42940.325023003796,,,plateau
kettle,cpp_optimized_cpu,16,312,82921.41466926415,82717.75845982465,84300.25916733139,,,plateau
kettle,cpp_optimized_cpu,32,156,179261.01774945605,175324.6618487038,183371.5400905931,,,plateau
kettle,cpp_optimized_cpu,64,100,210835.27526822643,210187.04322814522,212170.42779898367,,,plateau
kettle,cpp_optimized_cpu,128,100,227872.73030715468,227784.10760189506,229286.80329287986,,,plateau
kettle,cpp_optimized_cpu,256,100,208846.9567633362,182581.25857392192,225294.4693130663,,,plateau
kettle,cpp_optimized_cpu,512,100,229423.58416618675,229085.77498600143,246569.9439875258,,,plateau
kettle,cpp_optimized_cpu,1024,100,238613.2700744089,233071.41028482062,242397.08961841726,,,plateau
kettle,cpp_optimized_cpu,2048,100,241298.85270774303,241254.4937263151,241700.91910776097,,,plateau
kettle,cpp_optimized_cpu,4096,100,240895.81292460812,240816.74420035115,241235.43113179252,,,plateau
Take_Heart_Lass,jax_h200,1,5000,343.9584966857027,341.91134130506197,344.0737226723012,140.8327202720102,192536,plateau
Take_Heart_Lass,jax_h200,16,312,5326.440481750774,5325.9885742691795,5344.58669277943,122.20912401517853,444808,plateau
Take_Heart_Lass,jax_h200,256,100,76939.98546049086,76843.89283225437,76983.40988065126,121.66088556312025,4121224,plateau
Take_Heart_Lass,jax_h200,1024,100,269764.08164250106,266425.9097928035,269883.4113049948,114.76152284420095,17088904,plateau
Take_Heart_Lass,jax_h200,4096,100,837903.0619116529,837380.1289499687,838634.4303031908,117.17907747090794,67149960,plateau
Take_Heart_Lass,jax_h200,16384,100,1800500.676608451,1798451.1219136254,1800777.2773938694,141.750334686134,268095792,plateau
Take_Heart_Lass,jax_h200,32768,100,2219671.8318435336,2217219.668345117,2222267.9979035673,176.23296373686753,536004920,plateau
Take_Heart_Lass,jax_h200,65536,100,2543345.5058525493,2543110.8145780303,2544703.3941511624,190.97561466507614,1071776056,plateau
Take_Heart_Lass,jax_h200,131072,100,2712722.4434295287,2694511.682051707,2714672.4146062154,282.6228853550274,2143290680,plateau
Take_Heart_Lass,jax_h200,262144,100,2796716.778396446,2611596.4149573836,2800942.213799802,167.43119243416004,4286317880,plateau
Take_Heart_Lass,jax_h200,524288,100,2864143.520415617,2676063.4073849274,2864260.3951912047,208.26784525508992,8584970296,plateau
Take_Heart_Lass,jax_h200,1048576,100,2880508.4875242556,2674701.1924542543,2880634.300997264,309.81922870408744,17165472312,plateau
Take_Heart_Lass,cpp_optimized_cpu,1,5000,16716.35030585573,16706.06923646507,16736.265809419176,,,plateau
Take_Heart_Lass,cpp_optimized_cpu,2,2500,20288.130338161864,20211.039227005465,20297.918816372054,,,plateau
Take_Heart_Lass,cpp_optimized_cpu,4,1250,39358.11522167444,39296.213456475656,39570.536545108786,,,plateau
Take_Heart_Lass,cpp_optimized_cpu,8,625,77999.56269062367,77175.97616439831,78015.1589239922,,,plateau
Take_Heart_Lass,cpp_optimized_cpu,16,312,151436.15024324457,148696.3829801022,152335.36821788747,,,plateau
Take_Heart_Lass,cpp_optimized_cpu,32,156,324030.35379990895,320524.3557458992,326671.20819390187,,,plateau
Take_Heart_Lass,cpp_optimized_cpu,64,100,423713.2555187962,410951.662554926,434724.5091852067,,,plateau
Take_Heart_Lass,cpp_optimized_cpu,128,100,467444.6455209388,464032.4615596958,475426.65914409404,,,plateau
Take_Heart_Lass,cpp_optimized_cpu,256,100,533717.5792818764,526210.7053145542,540424.4986230945,,,plateau
Take_Heart_Lass,cpp_optimized_cpu,512,100,552773.6929199705,551755.4196693152,558454.1278471082,,,plateau
Take_Heart_Lass,cpp_optimized_cpu,1024,100,494280.9168369442,484136.14164845017,513094.2880446618,,,plateau
Take_Heart_Lass,cpp_optimized_cpu,2048,100,462725.5697122598,460779.32023829536,469226.92482082616,,,plateau
Take_Heart_Lass,cpp_optimized_cpu,4096,100,460916.6661402896,459852.73587307445,462514.96373139665,,,plateau
atlas shrank,jax_h200,1,5000,83.12454145790439,82.53457846099867,83.12566563520289,148.27118465094827,314104,regression
atlas shrank,jax_h200,16,312,595.8121484169952,590.72106609987,605.9213141867422,148.56006988603622,1394016,regression
atlas shrank,jax_h200,256,100,7532.023571612179,7489.381345073346,7536.787526347666,160.98447510111146,14005088,regression
atlas shrank,jax_h200,1024,100,23413.733438257386,23389.416416878306,23414.96516037184,168.35024240496568,54666848,regression
atlas shrank,jax_h200,4096,100,50941.52800419783,50848.90112027964,51048.230738408136,231.3758352699224,217253904,regression
atlas shrank,jax_h200,16384,100,40083.77540088104,40081.741931432734,40086.569879725066,292.2578391949646,867656464,regression
atlas shrank,cpp_optimized_cpu,1,5000,9577.602730126815,9518.047944811804,9599.217928707458,,,regression
atlas shrank,cpp_optimized_cpu,2,2500,9440.106704973901,9397.519463774148,9483.249570099717,,,regression
atlas shrank,cpp_optimized_cpu,4,1250,17259.072919801587,17246.08731604617,17372.605820692905,,,regression
atlas shrank,cpp_optimized_cpu,8,625,30699.008260236114,30489.08355003298,30826.93280469294,,,regression
atlas shrank,cpp_optimized_cpu,16,312,54177.54011063252,53777.37406033402,54799.569667403244,,,regression
atlas shrank,cpp_optimized_cpu,32,156,119083.660618936,119083.46484227746,124954.66846622255,,,regression
atlas shrank,cpp_optimized_cpu,64,100,146240.38419803584,144478.1363221305,146879.30344140058,,,regression
atlas shrank,cpp_optimized_cpu,128,100,160304.36772310428,160213.32579821383,160939.77538566178,,,regression
atlas shrank,cpp_optimized_cpu,256,100,167664.00320984345,167624.22425579533,168962.9050353751,,,regression
atlas shrank,cpp_optimized_cpu,512,100,160671.9269221477,160289.3850392138,160903.93375123446,,,regression
atlas shrank,cpp_optimized_cpu,1024,100,160399.47928942222,160291.52878973502,161317.86415634252,,,regression
atlas shrank,cpp_optimized_cpu,2048,100,160997.0100083293,159803.50654921037,161834.17409740278,,,regression
atlas shrank,cpp_optimized_cpu,4096,100,138505.68896949233,135307.49459449813,138860.56497623946,,,regression
blocks,jax_h200,1,5000,3436.476874882981,3426.9732528913405,3447.483454475033,4.1971569519955665,25184,plateau
blocks,jax_h200,16,312,28133.812350568198,27977.223050798933,28443.260983858938,4.063183450140059,291424,plateau
blocks,jax_h200,256,100,321216.6000096928,317709.4065498972,324721.95597088546,4.589149711886421,4550240,plateau
blocks,jax_h200,1024,100,907963.8042352059,896227.2007507525,922292.2497032675,5.003388152923435,23484256,plateau
blocks,jax_h200,4096,100,1929278.9636865254,1926048.9464445221,1929578.4245895415,4.911352052818984,93923424,plateau
blocks,jax_h200,16384,100,2835459.694781481,2814871.8312086486,2848302.3656543535,4.680042662890628,375708000,plateau
blocks,jax_h200,32768,100,3172094.999696667,3085756.7539349743,3193116.8347022017,5.057583565125242,751443296,plateau
blocks,jax_h200,65536,100,3296783.2306667552,3182159.8127697706,3309537.827603872,4.804563578916714,1502879072,plateau
blocks,jax_h200,131072,100,3252956.4093226083,3227795.551377265,3290680.41422741,4.798869404010475,3005751136,plateau
blocks,jax_h200,262144,100,3145889.281178603,3141619.969127065,3154776.450192724,5.025026791030541,6011494240,plateau
blocks,cpp_optimized_cpu,1,5000,15418.96673689335,15408.918395991235,15419.104193700865,,,plateau
blocks,cpp_optimized_cpu,2,2500,16161.71973241991,16133.17113664562,16172.787676989934,,,plateau
blocks,cpp_optimized_cpu,4,1250,32034.06867268759,31866.859895520185,32061.772917060865,,,plateau
blocks,cpp_optimized_cpu,8,625,62925.45101907716,62841.918179252185,63088.79103270395,,,plateau
blocks,cpp_optimized_cpu,16,312,123988.47972333789,123324.09923430321,124104.78530020766,,,plateau
blocks,cpp_optimized_cpu,32,156,286708.5914495557,286067.7018284443,288192.30265196617,,,plateau
blocks,cpp_optimized_cpu,64,100,354526.6972501582,353914.01253685047,357483.0253365422,,,plateau
blocks,cpp_optimized_cpu,128,100,406974.0963397696,406676.46123687516,407209.0338992843,,,plateau
blocks,cpp_optimized_cpu,256,100,439681.8778602813,439016.41645138385,440965.8234831554,,,plateau
blocks,cpp_optimized_cpu,512,100,454495.238906213,453519.62142966484,454530.1554629648,,,plateau
blocks,cpp_optimized_cpu,1024,100,465843.222638743,427637.9710903609,466144.85214614,,,plateau
blocks,cpp_optimized_cpu,2048,100,466971.3560361604,461383.0684569332,468268.76309389865,,,plateau
blocks,cpp_optimized_cpu,4096,100,469503.7322562159,464412.6396924297,471849.36151764117,,,plateau
nekopuzzle,jax_h200,1,5000,2454.615465824011,2448.5236946723703,2466.0159803622655,17.9423752410803,45920,plateau
nekopuzzle,jax_h200,16,312,16813.51536176549,16517.940347137737,16859.312564165302,17.925093221012503,240992,plateau
nekopuzzle,jax_h200,256,100,172005.146661199,171868.96825548387,172449.40839585793,17.637115570018068,3571296,plateau
nekopuzzle,jax_h200,1024,100,619127.5986249769,607266.7436477975,620347.6575585176,18.421198894036934,14197600,plateau
nekopuzzle,jax_h200,4096,100,1582896.255890606,1581834.7539481388,1584186.6614882057,19.69755162112415,56826208,plateau
nekopuzzle,jax_h200,16384,100,2687741.1164725143,2686699.496118977,2695188.086395139,21.868912820937112,227290208,plateau
nekopuzzle,jax_h200,32768,100,3052951.1862027273,3052923.434360249,3053152.0456411205,27.31443348596804,454832992,plateau
nekopuzzle,jax_h200,65536,100,3294991.5876098783,3294850.9349516025,3295278.932519765,17.81705101719126,910077280,plateau
nekopuzzle,jax_h200,131072,100,3422549.5390326628,3422541.8265762217,3422877.7150862217,18.16926463902928,1820638560,plateau
nekopuzzle,jax_h200,262144,100,3456127.100456048,3456047.628149933,3456400.7874097554,18.578184578800574,3641228640,plateau
nekopuzzle,jax_h200,524288,100,3512365.6935373107,3511604.911850039,3512520.2673432534,20.466637920821086,7279790176,plateau
nekopuzzle,cpp_optimized_cpu,1,5000,19783.698110101577,19773.324360101255,19785.341041511525,,,regression
nekopuzzle,cpp_optimized_cpu,2,2500,24588.02215315342,24582.297263174027,24612.864690246337,,,regression
nekopuzzle,cpp_optimized_cpu,4,1250,47088.02473233187,47057.4536111869,47119.85308832912,,,regression
nekopuzzle,cpp_optimized_cpu,8,625,87188.23919746745,87043.03287911345,87229.83113150971,,,regression
nekopuzzle,cpp_optimized_cpu,16,312,157736.54925329002,157354.6819377164,157880.59630552304,,,regression
nekopuzzle,cpp_optimized_cpu,32,156,332204.2267714458,331721.41673383466,334572.9642722719,,,regression
nekopuzzle,cpp_optimized_cpu,64,100,491443.41818377376,490069.64387668576,496165.9246936845,,,regression
nekopuzzle,cpp_optimized_cpu,128,100,688101.0652730712,687814.143996669,688461.4676142635,,,regression
nekopuzzle,cpp_optimized_cpu,256,100,867194.0800176873,866156.6286537559,868496.2740252992,,,regression
nekopuzzle,cpp_optimized_cpu,512,100,982483.7095075789,982131.4069671907,984557.8086258351,,,regression
nekopuzzle,cpp_optimized_cpu,1024,100,1060181.3998689651,1060074.5642257435,1061806.476315573,,,regression
nekopuzzle,cpp_optimized_cpu,2048,100,1082841.8513801834,1054698.1974664605,1087932.7271232456,,,regression
nekopuzzle,cpp_optimized_cpu,4096,100,962483.9521184748,958460.9949932471,976754.2782382128,,,regression
sokoban_match3,jax_h200,1,5000,1955.0523845486018,1954.8057175605936,1956.4937504706052,21.605355383828282,29024,plateau
sokoban_match3,jax_h200,16,312,22821.70131064788,22741.024734895476,23361.227549633037,20.801802115049213,200544,plateau
sokoban_match3,jax_h200,256,100,222473.23245874376,219831.66374453262,229267.48027215377,21.19122525001876,2511712,plateau
sokoban_match3,jax_h200,1024,100,760966.1465061278,746054.3385499176,773832.8720259621,21.55265237390995,10532704,plateau
sokoban_match3,jax_h200,4096,100,2020776.2832477733,1985600.6517974471,2048715.737529598,21.12718317308463,42058592,plateau
sokoban_match3,jax_h200,16384,100,3651706.7866902105,3645268.3633964392,3664392.7840616405,19.49198237899691,168179040,plateau
sokoban_match3,jax_h200,32768,100,4207915.33732207,4192989.829388525,4221733.372389593,20.732546183047816,336328032,plateau
sokoban_match3,jax_h200,65536,100,4648473.049647772,4628242.765912059,4665522.863588684,21.587882932974026,672628064,plateau
sokoban_match3,jax_h200,131072,100,4854148.590859772,4836781.301521679,4896126.686184822,23.257151748985052,1345226592,plateau
sokoban_match3,jax_h200,262144,100,4963636.621451342,4951543.769296564,5018435.998353844,27.423294035019353,2690418528,plateau
sokoban_match3,jax_h200,524288,100,5029539.8808602365,5027842.403232494,5075851.167480023,36.266605938086286,5380803168,plateau
sokoban_match3,cpp_optimized_cpu,1,5000,19652.293186312207,19623.625446635288,19676.378205595494,,,plateau
sokoban_match3,cpp_optimized_cpu,2,2500,23820.153765404553,23658.75682797472,23847.47266435841,,,plateau
sokoban_match3,cpp_optimized_cpu,4,1250,46784.517520396024,46743.90081808609,47070.12216730615,,,plateau
sokoban_match3,cpp_optimized_cpu,8,625,92582.97454983939,92140.40947775783,92683.57927779127,,,plateau
sokoban_match3,cpp_optimized_cpu,16,312,178589.23853867408,178514.24913041183,179400.452514459,,,plateau
sokoban_match3,cpp_optimized_cpu,32,156,320273.65971489105,306940.64320317964,383381.0297419817,,,plateau
sokoban_match3,cpp_optimized_cpu,64,100,588970.2039487702,581673.4949718548,589771.984587541,,,plateau
sokoban_match3,cpp_optimized_cpu,128,100,744513.1200960161,743601.8775441127,747402.9316211382,,,plateau
sokoban_match3,cpp_optimized_cpu,256,100,853309.829087768,852213.4619500906,854794.8139233602,,,plateau
sokoban_match3,cpp_optimized_cpu,512,100,899439.5996547105,864149.0263002212,901691.9250163713,,,plateau
sokoban_match3,cpp_optimized_cpu,1024,100,878731.4705712546,853365.8315530942,939991.1127759573,,,plateau
sokoban_match3,cpp_optimized_cpu,2048,100,961043.1556222357,956919.8772680339,964232.7013953216,,,plateau
sokoban_match3,cpp_optimized_cpu,4096,100,939516.5971849723,936687.4617398739,941024.5264095954,,,plateau
sokoban_match3,cpp_optimized_cpu,8192,100,929965.7989354981,928392.5483662018,934061.7608026122,,,plateau
Travelling_salesman,jax_h200,1,5000,1695.72999326728,1694.8302105337907,1695.7679765849316,35.766290756175295,39776,plateau
Travelling_salesman,jax_h200,16,312,22015.44055107012,21950.07645529152,22060.086464142,28.289836595999077,131424,plateau
Travelling_salesman,jax_h200,256,100,294877.379904418,287519.5229185533,295986.2340414666,27.024705867050216,1531488,plateau
Travelling_salesman,jax_h200,1024,100,1141009.4956083882,988449.5899959855,1143605.4783968488,27.010148094967008,6059360,plateau
Travelling_salesman,jax_h200,4096,100,3635092.4511199966,2881427.72900202,3908934.382854525,26.32318187900819,24130144,plateau
Travelling_salesman,jax_h200,16384,100,7490315.313836565,6360716.536257387,8487484.162006658,27.83391179284081,96420448,plateau
Travelling_salesman,jax_h200,32768,100,9386452.184100267,8286706.15469366,11054506.024103865,30.91242956300266,192852576,plateau
Travelling_salesman,jax_h200,65536,100,10505965.814372186,9854289.884103658,13315301.165471483,37.10854622395709,385725032,plateau
Travelling_salesman,jax_h200,131072,100,11227117.723114666,11031662.239910688,12942715.162539944,50.38900295388885,771404904,plateau
Travelling_salesman,jax_h200,262144,100,11825115.966226056,11758919.243963836,13460612.181127544,77.73394062090665,1542763624,plateau
Travelling_salesman,jax_h200,524288,100,12130772.947931955,12123216.504726239,13117602.878880732,135.31552542489953,3085485928,plateau
Travelling_salesman,jax_h200,1048576,100,12278443.114578493,12276009.898907168,12690045.04912404,72.99923405307345,6171969128,plateau
Travelling_salesman,cpp_optimized_cpu,1,5000,22601.102579320825,22568.693193457304,22638.866504616057,,,regression
Travelling_salesman,cpp_optimized_cpu,2,2500,30201.543133262425,30158.135835244182,30207.925172743948,,,regression
Travelling_salesman,cpp_optimized_cpu,4,1250,59366.59608636495,59349.53279028756,59428.38156624552,,,regression
Travelling_salesman,cpp_optimized_cpu,8,625,116913.81671711212,115680.77959581286,117072.65946011861,,,regression
Travelling_salesman,cpp_optimized_cpu,16,312,222620.45971963403,222467.3582235015,224109.25390119126,,,regression
Travelling_salesman,cpp_optimized_cpu,32,156,491174.0177478486,485364.5192488028,492210.95191003906,,,regression
Travelling_salesman,cpp_optimized_cpu,64,100,714218.8072122514,695342.0906359818,726873.3286228649,,,regression
Travelling_salesman,cpp_optimized_cpu,128,100,957331.3757856564,946367.5533375548,967785.220122819,,,regression
Travelling_salesman,cpp_optimized_cpu,256,100,1166643.3670548236,1160243.8005500056,1171811.4572384465,,,regression
Travelling_salesman,cpp_optimized_cpu,512,100,1427756.132035413,1409085.0844839779,1444871.9792258122,,,regression
Travelling_salesman,cpp_optimized_cpu,1024,100,1461475.1486003443,1412285.0620251829,1485968.3737593545,,,regression
Travelling_salesman,cpp_optimized_cpu,2048,100,1558383.247524656,1361685.620637977,1580664.106199033,,,regression
Travelling_salesman,cpp_optimized_cpu,4096,100,1466011.0861212604,1465800.16788467,1492870.8874783246,,,regression
Travelling_salesman,cpp_optimized_cpu,8192,100,1355812.8689332267,1346778.2819985854,1370804.1749815205,,,regression
Multi-word_Dictionary_Game,jax_h200,1,5000,1435.911648552086,1431.576224858635,1444.3805841839878,26.436568947974592,50016,plateau
Multi-word_Dictionary_Game,jax_h200,16,312,13199.197506409371,12897.508132574518,13252.744933001366,22.661782894982025,213088,plateau
Multi-word_Dictionary_Game,jax_h200,256,100,131095.89498036206,130734.93636847174,131474.63681218182,20.79214824317023,2951008,plateau
Multi-word_Dictionary_Game,jax_h200,1024,100,452432.9072938679,452404.8114061605,452970.4473406434,21.227399445837364,10948192,plateau
Multi-word_Dictionary_Game,jax_h200,4096,100,1306982.1479304833,1304025.844600943,1310339.502090988,21.536859441082925,43772512,plateau
Multi-word_Dictionary_Game,jax_h200,16384,100,2376415.738686264,2361860.4012249555,2388995.824242692,20.997887966921553,182531176,plateau
Multi-word_Dictionary_Game,jax_h200,32768,100,2676164.0060298424,2669628.5554088396,2695069.244492415,22.569744386943057,365016168,plateau
Multi-word_Dictionary_Game,jax_h200,65536,100,2894925.876677521,2893139.0026917225,2912943.2325931448,24.995203305967152,733657192,plateau
Multi-word_Dictionary_Game,jax_h200,131072,100,3033332.461557869,3028322.4661353314,3037816.442406189,29.759625628823414,1400423016,plateau
Multi-word_Dictionary_Game,jax_h200,262144,100,3122765.3833375713,3122069.9854957853,3123829.5752944397,39.83870741701685,2800796264,plateau
Multi-word_Dictionary_Game,jax_h200,524288,100,3188907.109066861,3187960.1621365333,3189382.151865866,61.2409434649162,5602068840,plateau
Multi-word_Dictionary_Game,cpp_optimized_cpu,1,5000,19341.576070004492,19310.72216000141,19348.969671187584,,,plateau
Multi-word_Dictionary_Game,cpp_optimized_cpu,2,2500,23375.2000377228,23298.510826396476,23377.905731972147,,,plateau
Multi-word_Dictionary_Game,cpp_optimized_cpu,4,1250,45735.420339974764,45608.57866284339,45779.58761007117,,,plateau
Multi-word_Dictionary_Game,cpp_optimized_cpu,8,625,89176.0655148882,88526.51836893692,89198.55647682732,,,plateau
Multi-word_Dictionary_Game,cpp_optimized_cpu,16,312,172464.37114639988,172319.50545298736,172989.6144446731,,,plateau
Multi-word_Dictionary_Game,cpp_optimized_cpu,32,156,413343.28718499275,411150.647418085,415980.30294861394,,,plateau
Multi-word_Dictionary_Game,cpp_optimized_cpu,64,100,575259.3143077758,571343.6450006717,576631.8397179517,,,plateau
Multi-word_Dictionary_Game,cpp_optimized_cpu,128,100,713515.720110737,712409.2089750974,716470.9900125978,,,plateau
Multi-word_Dictionary_Game,cpp_optimized_cpu,256,100,812138.4030048877,811965.6279760681,822167.9897008078,,,plateau
Multi-word_Dictionary_Game,cpp_optimized_cpu,512,100,862652.0744793763,855970.8655791029,865199.5627007388,,,plateau
Multi-word_Dictionary_Game,cpp_optimized_cpu,1024,100,905795.4426720919,904556.9838349684,907614.6152226073,,,plateau
Multi-word_Dictionary_Game,cpp_optimized_cpu,2048,100,918770.5058517249,916599.1217447674,919080.9005456483,,,plateau
Multi-word_Dictionary_Game,cpp_optimized_cpu,4096,100,860488.265129103,853961.8260546,865540.5635495085,,,plateau
Microban,jax_h200,1,5000,2976.923855721292,2976.587400550607,2977.100005107093,12.128384343814105,19552,plateau
Microban,jax_h200,16,312,27822.812564232332,27644.31036969642,28166.27750047843,12.495576754910871,134240,plateau
Microban,jax_h200,256,100,304627.72321068065,296400.5816905708,304836.7101072637,13.067832974018529,1727584,plateau
Microban,jax_h200,1024,100,1144636.0302314386,1084204.3830616279,1171277.0305612986,13.583715108921751,6642272,plateau
Microban,jax_h200,4096,100,3192428.7359913164,3039272.4237774014,3344136.189048939,13.987632109085098,28103520,plateau
Microban,jax_h200,16384,100,6243996.079458613,6228951.882676503,6424068.118625576,12.313512423075736,112363104,plateau
Microban,jax_h200,32768,100,7394811.781724638,7388312.8313282505,7440221.153547198,13.309587307972834,224741216,plateau
Microban,jax_h200,65536,100,8174692.02958368,8174637.937948941,8177112.320382145,13.953151734080166,449466208,plateau
Microban,jax_h200,131072,100,8951271.766034946,8950810.06360683,8951953.481270814,15.917530012084171,898912608,plateau
Microban,jax_h200,262144,100,9267380.011444839,9266139.333077544,9270799.793059658,19.255741090979427,1797804384,plateau
Microban,jax_h200,524288,100,9392774.551163837,9392199.043078821,9392970.913125731,27.564372038003057,3595588704,plateau
Microban,jax_h200,1048576,100,9555941.422522316,9555258.319384629,9557323.419574583,41.96143963304348,7191155808,plateau
Microban,cpp_optimized_cpu,1,5000,21594.74849044972,21566.55073873636,21623.291969454804,,,plateau
Microban,cpp_optimized_cpu,2,2500,27691.437763394322,27642.68910786293,27747.628831742204,,,plateau
Microban,cpp_optimized_cpu,4,1250,54822.830562256204,54709.865881927,54848.35146692809,,,plateau
Microban,cpp_optimized_cpu,8,625,107490.026551415,107427.56100651291,107537.68700082353,,,plateau
Microban,cpp_optimized_cpu,16,312,203362.63202941834,203177.53445480796,208910.87925235266,,,plateau
Microban,cpp_optimized_cpu,32,156,507318.97211587057,505347.4361172078,509244.6934185197,,,plateau
Microban,cpp_optimized_cpu,64,100,752470.2030261534,749987.7955364037,755326.7509491118,,,plateau
Microban,cpp_optimized_cpu,128,100,1010429.570170104,1007787.0434731727,1010657.0826467004,,,plateau
Microban,cpp_optimized_cpu,256,100,1213600.3522152172,1211130.2650134284,1214472.099332274,,,plateau
Microban,cpp_optimized_cpu,512,100,1341684.2372475818,1339901.3450346815,1342996.3897609622,,,plateau
Microban,cpp_optimized_cpu,1024,100,1412788.0544488798,1403563.5146890974,1425872.7004379088,,,plateau
Microban,cpp_optimized_cpu,2048,100,1473023.7184668412,1472186.2410326463,1474519.1144149287,,,plateau
Microban,cpp_optimized_cpu,4096,100,1487664.2114978004,1486855.5888302368,1488360.79013105,,,plateau
Microban,cpp_optimized_cpu,8192,100,1440342.9604059246,1436638.914830233,1441450.64298687,,,plateau
Magnet_Jack,jax_h200,1,5000,457.7789631763138,456.93175074063726,458.89237097499614,18.905071335844696,114528,plateau
Magnet_Jack,jax_h200,16,312,3424.1770480590303,3399.9393809412963,3436.258459224629,18.007370778825134,1482848,plateau
Magnet_Jack,jax_h200,256,100,42272.99432773504,42184.20396449348,42381.201308376454,20.883745705941692,20544096,plateau
Magnet_Jack,jax_h200,1024,100,115771.24005632731,115458.8181437193,115884.5329393133,21.72573667904362,78851424,plateau
Magnet_Jack,jax_h200,4096,100,178463.40264476993,178425.4971155724,178526.86993676037,26.09778878185898,327899744,plateau
Magnet_Jack,jax_h200,16384,100,216491.84923051088,216475.7197982969,216500.97906195535,46.956537016900256,1311412832,plateau
Magnet_Jack,jax_h200,32768,100,208584.98897134533,208548.7064000077,208591.46030487274,76.14115157094784,2622756448,plateau
Magnet_Jack,jax_h200,65536,100,214089.52164519607,214086.059627126,214104.8175083742,27.199976209085435,5245443680,plateau
Magnet_Jack,cpp_optimized_cpu,1,5000,10772.5643776359,10761.779810097476,10787.978821316765,,,plateau
Magnet_Jack,cpp_optimized_cpu,2,2500,12094.932953291407,12064.151921649602,12095.047941586832,,,plateau
Magnet_Jack,cpp_optimized_cpu,4,1250,23633.190336787997,23534.654387653547,23691.793602397844,,,plateau
Magnet_Jack,cpp_optimized_cpu,8,625,45770.6991021432,45196.510832260254,45805.8423948609,,,plateau
Magnet_Jack,cpp_optimized_cpu,16,312,85305.37715593804,85265.1426954881,85897.82068305582,,,plateau
Magnet_Jack,cpp_optimized_cpu,32,156,179818.6255952166,178853.86934094416,181497.9418526031,,,plateau
Magnet_Jack,cpp_optimized_cpu,64,100,197129.98341766212,195988.32553224268,198665.2689529613,,,plateau
Magnet_Jack,cpp_optimized_cpu,128,100,192842.8511752026,189929.9142666643,193848.69496550062,,,plateau
Magnet_Jack,cpp_optimized_cpu,256,100,189671.21350466012,184539.02136052752,189834.66505722184,,,plateau
Magnet_Jack,cpp_optimized_cpu,512,100,168673.6394782383,163759.38831446928,169987.29763462,,,plateau
Magnet_Jack,cpp_optimized_cpu,1024,100,158879.27099753695,156644.483075695,163796.19579663928,,,plateau
Magnet_Jack,cpp_optimized_cpu,2048,100,151660.55729954923,150532.50708623085,152505.0852558214,,,plateau
Magnet_Jack,cpp_optimized_cpu,4096,100,143252.47184131772,140648.76009627318,143966.90070791077,,,plateau
HyperMaze,jax_h200,1,5000,485.2172229318397,485.19086958846765,485.2395308728011,318.2542272990104,575400,plateau
HyperMaze,jax_h200,16,312,6943.537546421638,6901.83452171992,6959.207774661838,116.63027116586454,6599776,plateau
HyperMaze,jax_h200,256,100,47971.21739664036,47960.53429766334,48197.82939611891,106.70178681518883,104054368,plateau
HyperMaze,jax_h200,1024,100,78269.90316734894,77230.3735706119,80194.37675632283,103.29465518915094,415943848,plateau
HyperMaze,jax_h200,4096,100,92667.81376085867,92019.36570682979,95603.30923907609,110.24378909287043,1663481000,plateau
HyperMaze,jax_h200,16384,100,94650.40669677555,94630.64704810006,95780.3663172408,176.5690488750115,6653674664,plateau
HyperMaze,jax_h200,32768,100,95270.78086570656,95019.20779579095,96247.93748006568,94.11303547210991,13307233960,plateau
HyperMaze,cpp_optimized_cpu,1,5000,5109.048523811802,5109.022104130835,5122.783661046529,,,plateau
HyperMaze,cpp_optimized_cpu,2,2500,4420.7092132558355,4413.280518472633,4421.290796681846,,,plateau
HyperMaze,cpp_optimized_cpu,4,1250,8609.5783713159,8510.255156282192,8631.440496337453,,,plateau
HyperMaze,cpp_optimized_cpu,8,625,16039.239081650185,15905.236555974028,16063.059694742724,,,plateau
HyperMaze,cpp_optimized_cpu,16,312,31562.606744647182,31492.167757162526,31644.04182984829,,,plateau
HyperMaze,cpp_optimized_cpu,32,156,68786.08989094876,66751.58024510984,70756.04806752765,,,plateau
HyperMaze,cpp_optimized_cpu,64,100,73640.28241563398,67246.40259440006,75982.72129146488,,,plateau
HyperMaze,cpp_optimized_cpu,128,100,78995.69217990605,78985.69087914524,79124.9769482846,,,plateau
HyperMaze,cpp_optimized_cpu,256,100,80999.96674402701,79709.79467542404,81921.55471700561,,,plateau
HyperMaze,cpp_optimized_cpu,512,100,81839.25544574605,81667.50816927897,81982.25063719928,,,plateau
HyperMaze,cpp_optimized_cpu,1024,100,82660.3083252677,82493.44040602063,82864.37300306886,,,plateau
HyperMaze,cpp_optimized_cpu,2048,100,83041.3641635758,82250.10894235257,83046.51541322192,,,plateau
HyperMaze,cpp_optimized_cpu,4096,100,83444.62997836844,83264.87534987136,83453.15589809392,,,plateau
