game,batch,steps,median_fps,q25_fps,q75_fps,compile_s,temporary_bytes,stop_reason
sokoban_basic,1,5000,2963.512337551012,2947.1083739580645,2966.2366228541728,11.459554163971916,19552,plateau
sokoban_basic,16,312,27502.411011353135,27497.79894136777,28327.85905661345,11.639219166943803,134240,plateau
sokoban_basic,256,100,303840.69975947955,297405.08403623966,305681.2192331944,12.247133509954438,1727584,plateau
sokoban_basic,1024,100,1147947.74161354,1084471.8415139725,1175627.7964079042,12.590016873087734,6642272,plateau
sokoban_basic,4096,100,3207384.0749332677,3053811.693945493,3370206.7081389152,12.758733128895983,28103520,plateau
sokoban_basic,16384,100,6259157.276508794,6253020.193133889,6452318.067915893,11.890589450020343,112363104,plateau
sokoban_basic,32768,100,7399046.983497631,7396078.1009667115,7463823.857981252,11.869485194096342,224741216,plateau
sokoban_basic,65536,100,8167361.501716302,8163920.847202344,8169403.103932975,12.709719222038984,449466208,plateau
sokoban_basic,131072,100,8954649.621272476,8952836.741922634,8956143.27685396,14.46143127209507,898912608,plateau
sokoban_basic,262144,100,9278362.100874394,9277984.959118439,9278655.34154935,17.984411193057895,1797804384,plateau
sokoban_basic,524288,100,9399910.206192965,9399610.68896124,9401659.617956737,25.796551309991628,3595588704,plateau
sokoban_basic,1048576,100,9560740.673560046,9558674.697626688,9561068.631393522,40.09541200497188,7191155808,plateau
notsnake,1,5000,1869.1569597006842,1868.2565133602166,1869.325688032553,16.05220338399522,23648,plateau
notsnake,16,312,18438.628253038874,18425.43632747447,18445.17669103639,16.220151592046022,140128,plateau
notsnake,256,100,261289.0977484392,257469.57173322633,261936.4413446522,15.918491446878761,1681248,plateau
notsnake,1024,100,1014904.6075457309,1014575.1033247769,1016222.6236532816,15.250990584958345,6674272,plateau
notsnake,4096,100,3099154.6687734025,3098957.805443321,3106841.0982228057,15.109581867000088,29251424,plateau
notsnake,16384,100,7076286.076118787,7073902.114660498,7079886.291643002,14.280096631962806,116923744,plateau
notsnake,32768,100,8715236.430314634,8684696.67060732,8722318.258804113,14.473339307121933,233862496,plateau
notsnake,65536,100,9828465.663136343,9819232.079371588,9829768.407967541,14.856120012002066,467696992,plateau
notsnake,131072,100,10707071.299695803,10706509.878576392,10710895.492495414,15.631178579991683,935364448,plateau
notsnake,262144,100,11156801.656268734,11152196.505501498,11157035.714527817,17.747002850053832,1870694240,plateau
notsnake,524288,100,11373395.116097199,11372802.833371786,11377420.90499295,22.605395045131445,3741354592,plateau
notsnake,1048576,100,11537635.488169534,11535106.961364463,11540906.440315269,31.71220875205472,7482673760,plateau
Zen_Puzzle_Garden,1,5000,2895.9014265266323,2885.5446498855995,2908.269887779096,8.596288410946727,31072,plateau
Zen_Puzzle_Garden,16,312,37626.985121339785,37515.2870811741,37733.96071716986,8.607802168931812,329568,plateau
Zen_Puzzle_Garden,256,100,561987.7038677005,561560.3515760665,562134.1081332333,8.882298625074327,5101408,plateau
Zen_Puzzle_Garden,1024,100,1642142.6424855168,1642113.3041059673,1644157.9946239816,9.29827936901711,25709152,plateau
Zen_Puzzle_Garden,4096,100,3286190.16824404,3284963.132059566,3289498.833569924,9.919807884842157,102814560,plateau
Zen_Puzzle_Garden,16384,100,4557420.936916861,4556889.612261389,4559476.078201439,6.797314678085968,411120992,plateau
Zen_Puzzle_Garden,32768,100,4734454.06813379,4733173.134367497,4735655.536521306,7.160731297917664,822424928,plateau
Zen_Puzzle_Garden,65536,100,5019676.190879037,5018872.018789057,5020159.488284734,7.15582410315983,1644639584,plateau
Zen_Puzzle_Garden,131072,100,5055535.098252642,5051912.0446369145,5056431.936012822,7.1684052150230855,3289266016,plateau
Zen_Puzzle_Garden,262144,100,5110070.104666897,5109476.343725525,5110203.578077198,7.143421124201268,6578517856,plateau
Slidings,1,5000,615.0397552941116,612.6500696449541,615.3179993638754,68.96428480092436,69728,plateau
Slidings,16,312,4679.634539414582,4675.189684109342,4687.57564178945,56.03576851799153,176992,plateau
Slidings,256,100,62794.411993796144,62752.231498032095,62804.847638033425,54.041620317148045,1811040,plateau
Slidings,1024,100,234697.9541344351,234519.8174974776,234707.87154113167,55.73006718815304,7081056,plateau
Slidings,4096,100,725285.1653313978,723617.7279119542,725448.0966335207,51.982803418068215,28106592,plateau
Slidings,16384,100,1508582.687975689,1508138.7780693248,1511218.2754601866,58.28934199386276,112205664,plateau
Slidings,32768,100,1818970.7184401497,1818735.6766389962,1819110.5976900042,76.15073417592794,224408744,plateau
Slidings,65536,100,2072299.037638486,2072205.6825462228,2073350.325038511,81.08683001506142,448739496,plateau
Slidings,131072,100,2221850.624375034,2221675.764173265,2222898.2716891025,110.4340645079501,897402536,plateau
Slidings,262144,100,2288815.034186298,2288757.4526940915,2289043.785381479,175.33076420309953,1794725544,plateau
Slidings,524288,100,2339469.4973998507,2339142.774971536,2339527.5682390253,124.0098503769841,3589364136,plateau
Slidings,1048576,100,2359643.15467246,2359137.0269759987,2359752.3772195624,164.01305999304168,7178640296,plateau
limerick,1,5000,703.7594623535641,702.6717119996184,703.9759896254511,62.40126803610474,123832,plateau
limerick,16,312,12730.144247894781,12717.377743436164,12734.559031004474,42.41056738514453,1337696,plateau
limerick,256,100,150418.62782098277,148834.569996466,153184.18910571642,44.7326034179423,21376352,plateau
limerick,1024,100,324216.1524241521,302367.12462224875,329740.97617778974,46.30929705989547,84149088,plateau
limerick,4096,100,416076.55367217667,372282.2919728307,431465.2046938387,49.15778880100697,337630680,plateau
limerick,16384,100,423555.6881006534,379508.5025177097,464099.16046143806,45.00149622396566,1350335448,plateau
limerick,32768,100,426135.41917679453,383772.3651068091,469561.9932375463,43.64162052003667,2700640728,plateau
kettle,1,5000,526.583154370442,525.1887907739697,527.6225271353675,42.613307730993256,69864,plateau
kettle,16,312,5134.2751482222275,5133.485767007575,5173.692051359498,28.6064475690946,649584,plateau
kettle,256,100,59377.14146268468,59372.267225282856,59479.387655452556,54.157916265074164,8458096,plateau
kettle,1024,100,178629.5329784515,178435.57554016472,179178.45371031435,31.848805690184236,33700976,plateau
kettle,4096,100,351712.49990898895,351690.97242536856,352005.0974140264,27.65845602704212,156078336,plateau
kettle,16384,100,434520.14263057563,434486.7289851831,434660.8130552062,29.488056499045342,576153864,plateau
kettle,32768,100,456948.9696974677,456683.0922704657,457033.1590433469,27.73432372091338,1076915976,plateau
kettle,65536,100,472231.8965971338,472199.1489104651,472313.3319643428,29.975679801078513,2153772808,plateau
kettle,131072,100,479415.41970836435,479398.15367478604,479422.6275067607,33.61974489688873,4308530952,plateau
kettle,262144,100,483817.62093547004,483815.41986834817,483831.41105451196,42.84180082799867,8617260808,plateau
Take_Heart_Lass,1,5000,343.9584966857027,341.91134130506197,344.0737226723012,140.8327202720102,192536,plateau
Take_Heart_Lass,16,312,5326.440481750774,5325.9885742691795,5344.58669277943,122.20912401517853,444808,plateau
Take_Heart_Lass,256,100,76939.98546049086,76843.89283225437,76983.40988065126,121.66088556312025,4121224,plateau
Take_Heart_Lass,1024,100,269764.08164250106,266425.9097928035,269883.4113049948,114.76152284420095,17088904,plateau
Take_Heart_Lass,4096,100,837903.0619116529,837380.1289499687,838634.4303031908,117.17907747090794,67149960,plateau
Take_Heart_Lass,16384,100,1800500.676608451,1798451.1219136254,1800777.2773938694,141.750334686134,268095792,plateau
Take_Heart_Lass,32768,100,2219671.8318435336,2217219.668345117,2222267.9979035673,176.23296373686753,536004920,plateau
Take_Heart_Lass,65536,100,2543345.5058525493,2543110.8145780303,2544703.3941511624,190.97561466507614,1071776056,plateau
Take_Heart_Lass,131072,100,2712722.4434295287,2694511.682051707,2714672.4146062154,282.6228853550274,2143290680,plateau
Take_Heart_Lass,262144,100,2796716.778396446,2611596.4149573836,2800942.213799802,167.43119243416004,4286317880,plateau
Take_Heart_Lass,524288,100,2864143.520415617,2676063.4073849274,2864260.3951912047,208.26784525508992,8584970296,plateau
Take_Heart_Lass,1048576,100,2880508.4875242556,2674701.1924542543,2880634.300997264,309.81922870408744,17165472312,plateau
atlas shrank,1,5000,83.12454145790439,82.53457846099867,83.12566563520289,148.27118465094827,314104,regression
atlas shrank,16,312,595.8121484169952,590.72106609987,605.9213141867422,148.56006988603622,1394016,regression
atlas shrank,256,100,7532.023571612179,7489.381345073346,7536.787526347666,160.98447510111146,14005088,regression
atlas shrank,1024,100,23413.733438257386,23389.416416878306,23414.96516037184,168.35024240496568,54666848,regression
atlas shrank,4096,100,50941.52800419783,50848.90112027964,51048.230738408136,231.3758352699224,217253904,regression
atlas shrank,16384,100,40083.77540088104,40081.741931432734,40086.569879725066,292.2578391949646,867656464,regression
blocks,1,5000,3436.476874882981,3426.9732528913405,3447.483454475033,4.1971569519955665,25184,plateau
blocks,16,312,28133.812350568198,27977.223050798933,28443.260983858938,4.063183450140059,291424,plateau
blocks,256,100,321216.6000096928,317709.4065498972,324721.95597088546,4.589149711886421,4550240,plateau
blocks,1024,100,907963.8042352059,896227.2007507525,922292.2497032675,5.003388152923435,23484256,plateau
blocks,4096,100,1929278.9636865254,1926048.9464445221,1929578.4245895415,4.911352052818984,93923424,plateau
blocks,16384,100,2835459.694781481,2814871.8312086486,2848302.3656543535,4.680042662890628,375708000,plateau
blocks,32768,100,3172094.999696667,3085756.7539349743,3193116.8347022017,5.057583565125242,751443296,plateau
blocks,65536,100,3296783.2306667552,3182159.8127697706,3309537.827603872,4.804563578916714,1502879072,plateau
blocks,131072,100,3252956.4093226083,3227795.551377265,3290680.41422741,4.798869404010475,3005751136,plateau
blocks,262144,100,3145889.281178603,3141619.969127065,3154776.450192724,5.025026791030541,6011494240,plateau
nekopuzzle,1,5000,2454.615465824011,2448.5236946723703,2466.0159803622655,17.9423752410803,45920,plateau
nekopuzzle,16,312,16813.51536176549,16517.940347137737,16859.312564165302,17.925093221012503,240992,plateau
nekopuzzle,256,100,172005.146661199,171868.96825548387,172449.40839585793,17.637115570018068,3571296,plateau
nekopuzzle,1024,100,619127.5986249769,607266.7436477975,620347.6575585176,18.421198894036934,14197600,plateau
nekopuzzle,4096,100,1582896.255890606,1581834.7539481388,1584186.6614882057,19.69755162112415,56826208,plateau
nekopuzzle,16384,100,2687741.1164725143,2686699.496118977,2695188.086395139,21.868912820937112,227290208,plateau
nekopuzzle,32768,100,3052951.1862027273,3052923.434360249,3053152.0456411205,27.31443348596804,454832992,plateau
nekopuzzle,65536,100,3294991.5876098783,3294850.9349516025,3295278.932519765,17.81705101719126,910077280,plateau
nekopuzzle,131072,100,3422549.5390326628,3422541.8265762217,3422877.7150862217,18.16926463902928,1820638560,plateau
nekopuzzle,262144,100,3456127.100456048,3456047.628149933,3456400.7874097554,18.578184578800574,3641228640,plateau
nekopuzzle,524288,100,3512365.6935373107,3511604.911850039,3512520.2673432534,20.466637920821086,7279790176,plateau
sokoban_match3,1,5000,1955.0523845486018,1954.8057175605936,1956.4937504706052,21.605355383828282,29024,plateau
sokoban_match3,16,312,22821.70131064788,22741.024734895476,23361.227549633037,20.801802115049213,200544,plateau
sokoban_match3,256,100,222473.23245874376,219831.66374453262,229267.48027215377,21.19122525001876,2511712,plateau
sokoban_match3,1024,100,760966.1465061278,746054.3385499176,773832.8720259621,21.55265237390995,10532704,plateau
sokoban_match3,4096,100,2020776.2832477733,1985600.6517974471,2048715.737529598,21.12718317308463,42058592,plateau
sokoban_match3,16384,100,3651706.7866902105,3645268.3633964392,3664392.7840616405,19.49198237899691,168179040,plateau
sokoban_match3,32768,100,4207915.33732207,4192989.829388525,4221733.372389593,20.732546183047816,336328032,plateau
sokoban_match3,65536,100,4648473.049647772,4628242.765912059,4665522.863588684,21.587882932974026,672628064,plateau
sokoban_match3,131072,100,4854148.590859772,4836781.301521679,4896126.686184822,23.257151748985052,1345226592,plateau
sokoban_match3,262144,100,4963636.621451342,4951543.769296564,5018435.998353844,27.423294035019353,2690418528,plateau
sokoban_match3,524288,100,5029539.8808602365,5027842.403232494,5075851.167480023,36.266605938086286,5380803168,plateau
Travelling_salesman,1,5000,1695.72999326728,1694.8302105337907,1695.7679765849316,35.766290756175295,39776,plateau
Travelling_salesman,16,312,22015.44055107012,21950.07645529152,22060.086464142,28.289836595999077,131424,plateau
Travelling_salesman,256,100,294877.379904418,287519.5229185533,295986.2340414666,27.024705867050216,1531488,plateau
Travelling_salesman,1024,100,1141009.4956083882,988449.5899959855,1143605.4783968488,27.010148094967008,6059360,plateau
Travelling_salesman,4096,100,3635092.4511199966,2881427.72900202,3908934.382854525,26.32318187900819,24130144,plateau
Travelling_salesman,16384,100,7490315.313836565,6360716.536257387,8487484.162006658,27.83391179284081,96420448,plateau
Travelling_salesman,32768,100,9386452.184100267,8286706.15469366,11054506.024103865,30.91242956300266,192852576,plateau
Travelling_salesman,65536,100,10505965.814372186,9854289.884103658,13315301.165471483,37.10854622395709,385725032,plateau
Travelling_salesman,131072,100,11227117.723114666,11031662.239910688,12942715.162539944,50.38900295388885,771404904,plateau
Travelling_salesman,262144,100,11825115.966226056,11758919.243963836,13460612.181127544,77.73394062090665,1542763624,plateau
Travelling_salesman,524288,100,12130772.947931955,12123216.504726239,13117602.878880732,135.31552542489953,3085485928,plateau
Travelling_salesman,1048576,100,12278443.114578493,12276009.898907168,12690045.04912404,72.99923405307345,6171969128,plateau
Multi-word_Dictionary_Game,1,5000,1435.911648552086,1431.576224858635,1444.3805841839878,26.436568947974592,50016,plateau
Multi-word_Dictionary_Game,16,312,13199.197506409371,12897.508132574518,13252.744933001366,22.661782894982025,213088,plateau
Multi-word_Dictionary_Game,256,100,131095.89498036206,130734.93636847174,131474.63681218182,20.79214824317023,2951008,plateau
Multi-word_Dictionary_Game,1024,100,452432.9072938679,452404.8114061605,452970.4473406434,21.227399445837364,10948192,plateau
Multi-word_Dictionary_Game,4096,100,1306982.1479304833,1304025.844600943,1310339.502090988,21.536859441082925,43772512,plateau
Multi-word_Dictionary_Game,16384,100,2376415.738686264,2361860.4012249555,2388995.824242692,20.997887966921553,182531176,plateau
Multi-word_Dictionary_Game,32768,100,2676164.0060298424,2669628.5554088396,2695069.244492415,22.569744386943057,365016168,plateau
Multi-word_Dictionary_Game,65536,100,2894925.876677521,2893139.0026917225,2912943.2325931448,24.995203305967152,733657192,plateau
Multi-word_Dictionary_Game,131072,100,3033332.461557869,3028322.4661353314,3037816.442406189,29.759625628823414,1400423016,plateau
Multi-word_Dictionary_Game,262144,100,3122765.3833375713,3122069.9854957853,3123829.5752944397,39.83870741701685,2800796264,plateau
Multi-word_Dictionary_Game,524288,100,3188907.109066861,3187960.1621365333,3189382.151865866,61.2409434649162,5602068840,plateau
Microban,1,5000,2976.923855721292,2976.587400550607,2977.100005107093,12.128384343814105,19552,plateau
Microban,16,312,27822.812564232332,27644.31036969642,28166.27750047843,12.495576754910871,134240,plateau
Microban,256,100,304627.72321068065,296400.5816905708,304836.7101072637,13.067832974018529,1727584,plateau
Microban,1024,100,1144636.0302314386,1084204.3830616279,1171277.0305612986,13.583715108921751,6642272,plateau
Microban,4096,100,3192428.7359913164,3039272.4237774014,3344136.189048939,13.987632109085098,28103520,plateau
Microban,16384,100,6243996.079458613,6228951.882676503,6424068.118625576,12.313512423075736,112363104,plateau
Microban,32768,100,7394811.781724638,7388312.8313282505,7440221.153547198,13.309587307972834,224741216,plateau
Microban,65536,100,8174692.02958368,8174637.937948941,8177112.320382145,13.953151734080166,449466208,plateau
Microban,131072,100,8951271.766034946,8950810.06360683,8951953.481270814,15.917530012084171,898912608,plateau
Microban,262144,100,9267380.011444839,9266139.333077544,9270799.793059658,19.255741090979427,1797804384,plateau
Microban,524288,100,9392774.551163837,9392199.043078821,9392970.913125731,27.564372038003057,3595588704,plateau
Microban,1048576,100,9555941.422522316,9555258.319384629,9557323.419574583,41.96143963304348,7191155808,plateau
Magnet_Jack,1,5000,457.7789631763138,456.93175074063726,458.89237097499614,18.905071335844696,114528,plateau
Magnet_Jack,16,312,3424.1770480590303,3399.9393809412963,3436.258459224629,18.007370778825134,1482848,plateau
Magnet_Jack,256,100,42272.99432773504,42184.20396449348,42381.201308376454,20.883745705941692,20544096,plateau
Magnet_Jack,1024,100,115771.24005632731,115458.8181437193,115884.5329393133,21.72573667904362,78851424,plateau
Magnet_Jack,4096,100,178463.40264476993,178425.4971155724,178526.86993676037,26.09778878185898,327899744,plateau
Magnet_Jack,16384,100,216491.84923051088,216475.7197982969,216500.97906195535,46.956537016900256,1311412832,plateau
Magnet_Jack,32768,100,208584.98897134533,208548.7064000077,208591.46030487274,76.14115157094784,2622756448,plateau
Magnet_Jack,65536,100,214089.52164519607,214086.059627126,214104.8175083742,27.199976209085435,5245443680,plateau
HyperMaze,1,5000,485.2172229318397,485.19086958846765,485.2395308728011,318.2542272990104,575400,plateau
HyperMaze,16,312,6943.537546421638,6901.83452171992,6959.207774661838,116.63027116586454,6599776,plateau
HyperMaze,256,100,47971.21739664036,47960.53429766334,48197.82939611891,106.70178681518883,104054368,plateau
HyperMaze,1024,100,78269.90316734894,77230.3735706119,80194.37675632283,103.29465518915094,415943848,plateau
HyperMaze,4096,100,92667.81376085867,92019.36570682979,95603.30923907609,110.24378909287043,1663481000,plateau
HyperMaze,16384,100,94650.40669677555,94630.64704810006,95780.3663172408,176.5690488750115,6653674664,plateau
HyperMaze,32768,100,95270.78086570656,95019.20779579095,96247.93748006568,94.11303547210991,13307233960,plateau
