run_dir,n_seeds,label,preset,n_games,kind,n_train_games,n_hid,n_nca_steps,input_skip,encode_sprites,token_decoder_loss_weight,indist_random_n_games,indist_random_mean,indist_random_median,indist_bfs_mean,ood_tf_model_mean,ood_tf_model_mean_std,ood_tf_model_median,ood_tf_model_median_std,ood_tf_identity_mean,ood_tf_identity_median,ood_tf_wins,ood_tf_wins_std,ood_ar30_model_mean,ood_ar30_model_mean_std,ood_ar30_model_median,ood_ar30_model_median_std,ood_ar30_identity_mean,ood_ar30_identity_median,ood_ar30_wins,ood_ar30_wins_std,ood_bfs_model_mean,ood_bfs_model_mean_std,ood_bfs_model_median,ood_bfs_model_median_std,ood_bfs_identity_mean,ood_bfs_identity_median,ood_bfs_wins,ood_bfs_wins_std,ood_bfs_n_games,ood_astar_model_mean,ood_astar_model_mean_std,ood_astar_model_median,ood_astar_model_median_std,ood_astar_identity_mean,ood_astar_identity_median,ood_astar_wins,ood_astar_wins_std,ood_astar_n_games,ood_n_games
"multi_scaling_14_uncond_match_s0,multi_scaling_14_uncond_match_s1,multi_scaling_14_uncond_match_s2",3,"Unconditional, Train-14",Train-14,14,uncond,scaling_14,256,8,True,False,0.0,14,0.01976040766244974,0.0007500000000000001,0.02153103401589875,0.16910808544259684,0.022908825441241135,0.035321889677048406,0.00783148192078314,0.021255984940831283,0.019272315304722714,7.666666666666667,1.5275252316519465,0.2298458855388115,0.03301479560565695,0.10662848446991964,0.03082915144377065,0.021255984940831283,0.019272315304722714,2.0,0.0,0.22681792670524337,0.01932564035733202,0.10013161553914339,0.01600720547142999,0.030333931059376387,0.02764550264550265,1.3333333333333333,0.5773502691896257,26.0,0.22928335081817797,0.02020612033861986,0.10520079946074595,0.02246801642542461,0.030362826346032722,0.02764550264550265,1.0,1.0,26.0,26.0
"multi_scaling_14_cond_match_s0,multi_scaling_14_cond_match_s2",2,"Rule-conditional, Train-14",Train-14,14,cond,scaling_14,256,8,True,True,1.0,14,0.016308665125540498,0.0010978835978835981,0.011700941734064647,0.1641745742924872,0.023305771317032455,0.0358289726146869,0.0018808169692296763,0.022341344275688742,0.01972170781893004,7.0,0.0,0.24919775163694008,0.03749495239147177,0.12719464067678354,0.041206730927976644,0.022341344275688742,0.01972170781893004,1.0,1.4142135623730951,0.24488421384323225,0.0401991809580527,0.10550182559901228,0.0381292352017654,0.03658373332731388,0.03441897057968486,0.5,0.7071067811865476,26.0,0.24890878207635825,0.042364696761712214,0.11148706477783421,0.04366297684575017,0.03622218395814714,0.033788810663154145,0.5,0.7071067811865476,26.0,26.0
"multi_scaling_gallery_v2_uncond_match_s0,multi_scaling_gallery_v2_uncond_match_s1",2,"Unconditional, Train-59",Train-59,59,uncond,scaling_gallery_v2,256,8,True,False,0.0,59,0.10536161543057551,0.03634133865149271,0.10996256104738061,0.04568553495534321,0.000756990233750203,0.028142641958431427,0.004968574828552735,0.02152732477454565,0.019384663433274545,7.0,0.0,0.1395132930179092,0.021719653217125066,0.0882765731292517,0.016664410365182805,0.02152732477454565,0.019384663433274545,1.5,0.7071067811865476,0.1205247869276315,0.010854807771005202,0.08143036807840148,0.0196414051805859,0.030333931059376387,0.027645502645502647,0.5,0.7071067811865476,26.0,0.13055196994135865,0.007711677074267154,0.08572179194152005,0.02284242584516578,0.03036282634603272,0.027645502645502647,0.5,0.7071067811865476,26.0,26.0
"multi_scaling_gallery_v2_cond_match_s0,multi_scaling_gallery_v2_cond_match_s1",2,"Rule-conditional, Train-59",Train-59,59,cond,scaling_gallery_v2,256,8,True,True,1.0,59,0.09038550550430159,0.024810256410256408,0.09252865016441399,0.03749647728210065,0.01323619837389613,0.028157244687998656,0.0037118132451117608,0.022341344275688742,0.01972170781893004,7.5,0.7071067811865476,0.11937174662417202,0.028109694355172746,0.09011830266294553,0.0047510728284002515,0.022341344275688742,0.01972170781893004,1.0,1.4142135623730951,0.10319505112252167,0.009935089771021737,0.07264449340342197,0.0015783633508628238,0.03211981009885338,0.028319806555100673,1.5,0.7071067811865476,26.0,0.10571282800257645,0.009009580438155654,0.08217727406012759,0.007379252624017159,0.03099282439011104,0.027645502645502647,1.5,0.7071067811865476,26.0,26.0
multi_scaling_gallery_v4_uncond_match_s0,1,"Unconditional, Train-199",Train-199,199,uncond,scaling_gallery_v4,256,8,True,False,0.0,199,0.1211870470258657,0.06057142857142857,0.1177181970495471,0.02463517921260227,,0.01517209991520086,,0.020447007572594763,0.018218783959524698,14.0,,0.0664989529685614,,0.0475750315558322,,0.020447007572594763,0.018218783959524698,2.0,,0.0687005795636493,,0.04634097347390998,,0.029512849185425422,0.026775311695946616,4.0,,26.0,0.07151841445088124,,0.049066970883844666,,0.029578226840295326,0.026775311695946616,4.0,,26.0,26.0
"multi_scaling_gallery_v4_cond_match_s0,multi_scaling_gallery_v4_cond_match_s1",2,"Rule-conditional, Train-199",Train-199,199,cond,scaling_gallery_v4,256,8,True,True,1.0,199,0.10640446586216595,0.04437142857142857,0.10731940051201687,0.025846080018316384,0.0020692585924140697,0.020215162037037035,0.0002534033130859351,0.02152732477454565,0.019384663433274545,12.5,0.7071067811865476,0.07081428318855731,0.0032564635974874816,0.05727570461945462,0.0013000138026622353,0.02152732477454565,0.019384663433274545,1.5,0.7071067811865476,0.07506728071690713,0.01939663774671859,0.05779062477312268,0.022547325741757898,0.03211981009885338,0.028319806555100673,2.5,0.7071067811865476,26.0,0.07372207569203143,0.0138378058349983,0.04942278267551085,0.01041994256786492,0.03099282439011104,0.027645502645502647,3.0,1.4142135623730951,26.0,26.0
multi_scaling_14_uncond_match_s0_h288,0,"Unconditional param-matched (n_hid=288), Train-14",Train-14,14,"uncond ($n_h{=}288$, param-matched)",scaling_14,288,8,True,False,0.0,,,,,,,,,,,,,,,,,,,,,,,,,,,,,,,,,,,,,,,
multi_scaling_gallery_v2_uncond_match_s0_h288,0,"Unconditional param-matched (n_hid=288), Train-59",Train-59,59,"uncond ($n_h{=}288$, param-matched)",?,,,,,,,,,,,,,,,,,,,,,,,,,,,,,,,,,,,,,,,,,,,,
multi_scaling_gallery_v4_uncond_match_s0_h288,0,"Unconditional param-matched (n_hid=288), Train-199",Train-199,199,"uncond ($n_h{=}288$, param-matched)",?,,,,,,,,,,,,,,,,,,,,,,,,,,,,,,,,,,,,,,,,,,,,
