game,batch,seed,baseline_steps_per_s,current_steps_per_s,speedup,baseline_temporary_bytes,current_temporary_bytes
sokoban_basic,1,42,2728.0562305261274,2681.0221500058733,0.9827591235129406,20440,20440
sokoban_basic,1,1042,2632.626735432177,2595.6729397699937,0.9859631465544176,20440,20440
sokoban_basic,256,42,265335.5445897507,265412.75719684607,1.0002909998628897,1379544,1379032
sokoban_basic,256,1042,264441.3050881933,264366.7389380863,0.9997180238159766,1379544,1379032
sokoban_basic,4096,42,2924223.598448639,2992833.8641232173,1.0234627289482847,23963352,24257752
sokoban_basic,4096,1042,2925344.0220096353,2995289.443720019,1.0239101525099714,23963352,24257752
blocks,1,42,3096.572787357708,3109.754044819825,1.0042567245685075,25304,25304
blocks,1,1042,3132.212701017206,3140.4519104494234,1.0026304757111615,25304,25304
blocks,256,42,274580.40868150786,310296.388808535,1.1300747576949488,3638744,3645144
blocks,256,1042,282892.5186227822,324286.58282154426,1.1463243510301457,3638744,3645144
blocks,4096,42,1923591.111514506,2320866.5687993937,1.2065280167426535,79252696,79366360
blocks,4096,1042,1921777.0934502033,2320253.024717094,1.207347632888838,79252696,79366360
Zen_Puzzle_Garden,1,42,2814.701965486943,2826.2977698136333,1.0041197272282731,28632,28632
Zen_Puzzle_Garden,1,1042,2790.130844230967,2803.702461230832,1.00486415073613,28632,28632
Zen_Puzzle_Garden,256,42,519918.0276333486,529204.5571081677,1.017861526204604,3893208,3897560
Zen_Puzzle_Garden,256,1042,521215.1881893309,530671.0904601236,1.018142031324225,3893208,3897560
Zen_Puzzle_Garden,4096,42,3062310.5748537616,3155882.293468497,1.0305559205467603,81638616,81712088
Zen_Puzzle_Garden,4096,1042,3052198.980868491,3149900.512113402,1.0320102102966795,81638616,81712088
notsnake,1,42,1815.7465376768541,1815.3479961537491,0.9997805081740015,25048,25048
notsnake,1,1042,1790.2044385687316,1791.756059670228,1.0008667284406563,25048,25048
notsnake,256,42,263371.6839911822,254970.54316140118,0.9681015790973858,1408984,1407960
notsnake,256,1042,263615.59369653376,255052.59478602945,0.9675171002199446,1408984,1407960
notsnake,4096,42,3101243.8007539483,3112663.6683938378,1.0036823508158608,24489176,24639960
notsnake,4096,1042,3105491.4024643633,3115933.832459019,1.003362569281747,24489176,24639960
Slidings,1,42,602.2073334061279,598.0450334068341,0.9930882608556899,76504,76504
Slidings,1,1042,621.1409600868585,617.0544213257862,0.9934209156638119,76504,76504
Slidings,256,42,65316.778736242115,64171.899352648135,0.9824718945767802,1496024,1495512
Slidings,256,1042,65348.742642181605,64195.74775495467,0.9823562804637239,1496024,1495512
Slidings,4096,42,729656.4561647722,714861.2933938646,0.9797231112725653,24273368,24272856
Slidings,4096,1042,730103.5417234617,715292.8037169616,0.9797141950968513,24273368,24272856
limerick,1,42,711.582200191904,711.9064669177496,1.0004556981972823,119000,119000
limerick,1,1042,714.7737522062566,714.4773822818601,0.9995853654062116,119000,119000
limerick,256,42,107905.82152669501,107475.67197092093,0.9960136575609346,20359128,20358616
limerick,256,1042,105931.4367828951,105390.94920630858,0.994897760353291,20359128,20358616
limerick,4096,42,315977.65945643594,315074.63973757694,0.9971421406171169,313169624,313169112
limerick,4096,1042,315296.0671618657,314816.3057856464,0.9984783781778889,313169624,313169112
kettle,1,42,536.4960360654194,534.5318740174324,0.9963389066909202,67304,67304
kettle,1,1042,545.3779995889812,543.8342803305512,0.9971694508036749,67304,67304
kettle,256,42,57821.598453469975,58224.98619239107,1.0069764197066553,7258072,7257560
kettle,256,1042,58259.95244631878,58661.405150984676,1.0068907145956874,7258072,7257560
kettle,4096,42,326443.2069471932,337533.07155563065,1.0339718038924652,121266688,121266176
kettle,4096,1042,328116.2843963037,338788.73880152067,1.032526439292256,121266688,121266176
Take_Heart_Lass,1,42,337.4040523880161,336.98431003306666,0.9987559652826375,191256,191256
Take_Heart_Lass,1,1042,333.44187519635955,332.8310116465401,0.9981680058947014,191256,191256
Take_Heart_Lass,256,42,63378.83496524893,63018.786154618654,0.9943191002039137,3807192,3806680
Take_Heart_Lass,256,1042,63797.0633161669,63349.58881625476,0.9929859702523526,3807192,3806680
Take_Heart_Lass,4096,42,642479.3117728923,642942.3757344336,1.0007207453268239,63013848,63013848
Take_Heart_Lass,4096,1042,641904.1505925949,642594.0831953523,1.0010748218439165,63013848,63013848
atlas shrank,1,42,83.26043189230107,83.29372572096554,1.0003998757622052,350712,350712
atlas shrank,1,1042,83.46986198385662,83.51276586637287,1.0005140044741483,350712,350712
atlas shrank,256,42,7965.85341856177,7981.207018594204,1.0019274268839367,86174816,86173792
atlas shrank,256,1042,8003.209189153284,8014.368603567677,1.001394367453186,86174816,86173792
atlas shrank,4096,42,52066.33625322515,52528.94294557092,1.0088849480419724,1370920720,1370920720
atlas shrank,4096,1042,52088.66046033866,52578.53322456052,1.0094045951631805,1370920720,1370920720
nekopuzzle,1,42,2121.8338698732073,2119.4127153937425,0.9988589330607635,44760,44760
nekopuzzle,1,1042,2267.6172477917885,2267.2193205846293,0.9998245174720087,44760,44760
nekopuzzle,256,42,174750.1475635354,173581.43583810685,0.9933120987780361,2838232,2837208
nekopuzzle,256,1042,174326.35562798823,173372.9501933937,0.9945309162739048,2838232,2837208
nekopuzzle,4096,42,1594891.0411025656,1563967.645810919,0.9806109668342805,44514776,44513752
nekopuzzle,4096,1042,1592568.1745693213,1560776.7407581783,0.9800376308413044,44514776,44513752
sokoban_match3,1,42,1737.0521707390415,1727.4661956725392,0.9944814696829607,28888,28888
sokoban_match3,1,1042,1675.0872504796187,1668.1781483031843,0.9958753777306488,28888,28888
sokoban_match3,256,42,214922.64859809793,214035.18493249346,0.9958707764333203,2174936,2174424
sokoban_match3,256,1042,209370.8403804347,208902.69336524673,0.9977640295356444,2174936,2174424
sokoban_match3,4096,42,1943193.9119645131,1953402.2101475168,1.005253360521639,35878360,36173016
sokoban_match3,4096,1042,1948915.7671445354,1961950.5270784795,1.0066882110318407,35878360,36173016
Travelling_salesman,1,42,1592.7779611639357,1589.2462675212637,0.9977826830049236,41944,41944
Travelling_salesman,1,1042,1617.0125198533565,1614.1968502604127,0.9982587212168282,41944,41944
Travelling_salesman,256,42,219781.5933720761,217263.7872177132,0.9885440535955147,1320920,1320408
Travelling_salesman,256,1042,220620.43182355977,218521.16428450908,0.9904847093186293,1320920,1320408
Travelling_salesman,4096,42,2569660.7841770397,2570728.9184306567,1.000415671305798,21361880,21361368
Travelling_salesman,4096,1042,2575280.87958122,2574813.026220713,0.999818329191112,21361880,21361368
blocks,16384,42,2451777.5946820322,3371042.419293913,1.3749380965899147,317037528,317495768
blocks,16384,1042,2463999.355380214,3384789.502786674,1.3736973978487002,317037528,317495768
Slidings,16384,42,1504194.1051617684,1485167.4032158542,0.987350899806998,96870360,96870360
Slidings,16384,1042,1500594.878512028,1483830.0175740102,0.9888278567532887,96870360,96870360
nekopuzzle,16384,42,2692003.3033166267,2666137.158575906,0.9903914884841141,177941464,177941464
nekopuzzle,16384,1042,2692681.306952812,2667270.718722123,0.9905630910850551,177941464,177941464
