game,objects,layers,level_shape,compiled_sha256,source_sha256,compiled_rules,compiled_groups,loop_points,source_rules,multirow_rules,max_pattern_rows,ellipsis_rules,max_pattern_span,board_cells,force_channels,jax_rule_functions,jax_rule_groups,run_rules_on_level_start,validation,jax_variant,cpp_status,jax_status,cpp_best_fps,jax_best_fps,cpp_best_batch,jax_best_batch,both_saturated,dense_rule_state_proxy,cpp_board_pruned_fraction,cpp_cell_checks_per_step,cpp_group_passes_per_step,cpp_over_jax_b16,jax_temporary_bytes_b16,jax_compile_s_b16,cpp_over_jax_b256,jax_temporary_bytes_b256,jax_compile_s_b256,cpp_over_jax_b1024,jax_temporary_bytes_b1024,jax_compile_s_b1024,cpp_over_jax_b4096,jax_temporary_bytes_b4096,jax_compile_s_b4096,cpp_over_jax_best_measured
sokoban_basic,5,3,"[5, 7, 6]",3012b8f11e46e65eda7d38436677f235a2f2fb9adc2ee92309cc12a993ac08f3,629417944b16e3de6e469a5b34e21f74d693f253da9a276ee8b7aeb850e5e70a,4,1,0,1,0,1,0,2,42,15,4,1,False,prior_suite,ordinary,plateau,plateau,1841573.876598637,9560740.673560046,2048,1048576,True,3360,0.7907676041161575,2.068359375,1.064453125,8.08676887430892,134240,11.639219166943803,4.098983094574257,1727584,12.247133509954438,1.5834654739030483,6642272,12.590016873087734,0.5645443004758718,28103520,12.758733128895983,0.19261832733225961
notsnake,3,3,"[3, 5, 8]",4b72a87b06f9b6f9b107fce33dafe9648a3559f17e5e16ef3a07438edb79f0f3,48fedc0da65f8cf9d16c3a103b052f4844fe45f1ec8c695a4b9cd0de9926c9e7,8,2,0,2,0,1,0,2,40,15,8,2,False,prior_suite,ordinary,regression,plateau,1746176.9535825017,11537635.488169534,2048,1048576,True,5760,0.7819426235590956,12.99609375,2.720703125,11.495545089105928,140128,16.220151592046022,5.771249540415108,1681248,15.918491446878761,1.6968347450592203,6674272,15.250990584958345,0.4958807485047891,29251424,15.109581867000088,0.15134617100470868
Zen_Puzzle_Garden,6,3,"[6, 12, 12]",20202d57cd862cbbbba78feeb8d780eb07c4197ca69e6d0967d0931bea4cd3d8,cf0744dc42e0f3a6295aa7f0cb636e9443b9611fb61c8e1c5d02570673dbd61b,5,3,0,3,0,1,0,1,144,15,5,3,False,prior_suite,ordinary,regression,plateau,493280.8092896064,5110070.104666897,2048,262144,True,15120,0.6161081316286606,29.2734375,3.4609375,3.409394173098775,329568,8.607802168931812,0.6434646816555616,5101408,8.882298625074327,0.29560190962538013,25709152,9.29827936901711,0.1154110452648488,102814560,9.919807884842157,0.0965311236804962
Slidings,12,4,"[12, 4, 6]",0a3f5e38de70922b89d6902879f25d6812fe2266386fabf1e5a2ef5b4228c8f1,538c249ff40bfc5d15d1642ea1da3220d0fa9e1a4c72d9146b5da71d94cdd29b,23,10,0,10,8,4,0,3,24,20,25,10,False,prior_suite,ordinary,regression,plateau,1062342.3716305431,2359643.15467246,1024,1048576,True,19200,0.7517155430087201,49.35546875,15.669921875,41.92643021216475,176992,56.03576851799153,14.867995256087067,1811040,54.041620317148045,4.526423656092174,7081056,55.73006718815304,1.0617537977296245,28106592,51.982803418068215,0.4502131474951796
limerick,11,4,"[11, 15, 19]",d5893223c98a1571e3729a03f5084e65a506a4fbd24785b2968205b8154e4aa5,2688d1283af8b072283a143f0d1250c68cefc5ee5ceba186406f3c06e7b46118,16,11,0,11,1,2,0,3,285,20,16,11,False,prior_suite,ordinary,plateau,plateau,225067.45069689152,426135.41917679453,256,32768,True,141360,0.8285845842571813,312.34765625,11.857421875,6.78355910332054,1337696,42.41056738514453,1.4962737923972442,21376352,44.7326034179423,0.6527855791333068,84149088,46.30929705989547,0.49239773518010127,337630680,49.15778880100697,0.5281594548786281
kettle,8,3,"[8, 13, 15]",ac39171ba8a3e1a5786a5566d558b3b6bce9172855f9138e507b0f3f080e93bb,348004a6e6fef557b139ab09c558995615bd56811e037cb7a78aa156a56939dd,20,14,0,14,0,1,0,2,195,15,20,14,False,prior_suite,ordinary,plateau,plateau,257066.75892011987,483817.62093547004,512,262144,True,89700,0.7167334919899531,278.0859375,18.322265625,16.958918919836506,649584,28.6064475690946,4.119438775596465,8458096,54.157916265074164,0.7594628028058303,33700976,31.848805690184236,0.7184509104789212,156078336,27.65845602704212,0.5313298809230567
Take_Heart_Lass,14,3,"[14, 6, 6]",3544524044e5bcde8c34596fe530b20cdcea9f649b2935818b16637a5080fa3f,95cdd04a65681c281d96531357871c061b80623dd89fa58179d1d016788064ff,94,17,0,17,0,1,0,2,36,15,78,17,False,prior_suite,ordinary,plateau,plateau,566240.5718084536,2880508.4875242556,256,1048576,True,81432,0.7350299730816163,443.7734375,19.158203125,29.157271450069363,444808,122.20912401517853,7.359509732416333,4121224,121.66088556312025,1.9547936139336712,17088904,114.76152284420095,0.5789738827890273,67149960,117.17907747090794,0.19657660245088432
atlas shrank,27,5,"[27, 7, 15]",d404eb3169c0e30331f1db6ec7ee13d9a092b0cb84a7ec415f4bceab06217f05,ef21b04a8d49f00f2607b1487d138cd1847dd22d41feb6e456ffb1e801ddcf93,61,44,0,44,33,2,0,3,105,25,61,44,True,passed,prepared,plateau,regression,176234.66449622656,124650.74125542953,8192,8192,True,333060,0.7094034468380181,1247.314453125,69.732421875,44.13588248675632,1085536,121.30475767911412,10.886250252991134,13053024,124.47160396305844,3.388706633391814,51528032,131.94191259006038,1.6934330396944735,197657872,182.23166408506222,1.4138276493285606
blocks,4,3,"[4, 11, 13]",7721ba972e0c260c75756e6f7be33e1615c72c586abc6961408919cfd5034266,87780e08ee3c8b46cb84c99770d0805d082d6c3e1335ccd0fc7aadd01910aba4,0,0,0,0,0,0,0,0,143,15,0,0,False,prior_suite,ordinary,plateau,plateau,482463.88915047975,3296783.2306667552,4096,65536,True,0,,0.0,0.0,4.388017833118519,291424,4.063183450140059,1.3920815147675907,4550240,4.589149711886421,0.5204753956220045,23484256,5.003388152923435,0.250074716114964,93923424,4.911352052818984,0.14634383136343004
nekopuzzle,3,2,"[3, 7, 8]",c498e4a79583ccfe86976a83ad07ac383e723c37af947f66814b47471078446f,8734244f354ba84cac618481afde5a19e887d1298471d4e11492c1a660ad52ae,8,2,0,2,0,1,4,3,56,10,8,2,False,prior_suite,ordinary,plateau,plateau,1133125.9449067728,3512365.6935373107,2048,524288,True,5824,0.780783956348797,14.8828125,2.826171875,9.268418983629115,240992,17.925093221012503,5.150501067563862,3571296,17.637115570018068,1.758237497483536,14197600,18.421198894036934,0.6966041543661124,56826208,19.69755162112415,0.322610469345975
sokoban_match3,5,3,"[5, 7, 9]",268da2f5cc9fcd02276a523700ed86ad2304564ae88a116ea90cf0c7a6dc01f6,4d9a73ac12abfa2c67a6a45e5313ab85fb1b89c579675eec65b800838d6ef042,6,2,0,2,0,1,0,3,63,15,8,2,False,prior_suite,ordinary,plateau,plateau,977474.3987324741,5029539.8808602365,2048,524288,True,10080,0.5446121420965798,52.193359375,2.115234375,7.814532854294504,200544,20.801802115049213,3.9025891540074786,2511712,21.19122525001876,1.264018952869957,10532704,21.55265237390995,0.4642960079493506,42058592,21.12718317308463,0.1943466841673179
Travelling_salesman,9,3,"[9, 5, 5]",92bc53076247ebae68fafb2c233b8819356a04c975ee974d00fd4d358dc33c3b,f1f966cf1cfe7757e5936b263dc41d7d5338f3937b58e588103e9866635cc8b4,16,4,0,4,0,1,0,3,25,15,16,4,False,prior_suite,ordinary,regression,plateau,1632817.5720498567,12278443.114578493,1024,1048576,True,9600,0.7922409105457275,7.56640625,4.267578125,10.120174822285534,131424,28.289836595999077,4.315202270032047,1531488,27.024705867050216,1.4310289075896214,6059360,27.010148094967008,0.31984796679484795,24130144,26.32318187900819,0.13298246013871032
Multi-word_Dictionary_Game,7,3,"[7, 7, 9]",1ca7752d3e0bad6bbb7413ca1c208b42a302fed2d535e86281b27b2cd3f23127,97508602f88301f1a97156c0be41cb419e6074e35b06c44f9ce916e1415e890c,10,4,0,4,0,1,0,3,63,15,10,4,False,prior_suite,ordinary,plateau,plateau,930718.2662274219,3188907.109066861,2048,524288,True,13860,0.6385250790719783,12.08984375,4.083984375,13.130562743174243,213088,22.661782894982025,5.783871069894213,2951008,20.79214824317023,2.02603126022928,10948192,21.227399445837364,0.6859723790885732,43772512,21.536859441082925,0.29186120335119103
Microban,5,3,"[5, 7, 6]",a7700ddc6e206bf4c9993fc9d767cd76b78016c81586a7f37a81ea7abc79d0df,a82b28479c121b6d21eada4a3915107908424daf4c203cd5ae930d291dffe6e3,4,1,0,1,0,1,0,2,42,15,4,1,False,prior_suite,ordinary,plateau,plateau,1498273.195755608,9555941.422522316,4096,1048576,True,3360,0.7907676041161575,2.068359375,1.064453125,7.552871455782885,134240,12.495576754910871,4.0373183880944215,1727584,13.067832974018529,1.2525183758501084,6642272,13.583715108921751,0.4693207960648063,28103520,13.987632109085098,0.1567897007221435
Magnet_Jack,34,5,"[34, 10, 16]",515cbc7bc76356b793368b7f4a1a65013572c5375d04c66a602cf0baa87eea18,2b776392ae6faa708ed835e1ff4e8feb6c8874d849469015a751920b75b51e28,27,6,0,6,0,1,0,2,160,25,15,6,True,passed,prepared,plateau,regression,185990.15948669356,514204.1021293068,64,8192,True,141600,0.8147476701277644,117.271484375,6.4453125,9.462750221178378,1312608,15.477770801167935,1.506546270335165,19691104,18.314437369117513,0.5841830089344733,72160352,20.81522700493224,0.3201594420544055,288547680,34.171004462987185,0.36170493140080523
HyperMaze,42,3,"[42, 20, 50]",4942d931e16ead8883df7e666df89520961be8150039b535322af759594d521d,2c91497a3337622755a69cd443fc02c1a7fac273ca340a879d614e89bce9dd0d,32,8,0,8,0,1,0,19,1000,15,32,8,False,prior_suite,ordinary,plateau,plateau,88081.06772498738,95270.78086570656,256,32768,True,1824000,0.7925608606951065,59.81640625,8.16796875,4.567540185181473,6599776,116.63027116586454,1.83612325275606,104054368,106.70178681518883,1.0591566088539073,415943848,103.29465518915094,0.9089326039175691,1663481000,110.24378909287043,0.9245339119151991
Beam_Islands,48,19,"[48, 8, 11]",d47ee2387eee1c647b33cbb43b9b0577e742f0d4e791b8d13733a39509fe2ee7,cb85adc9e9ae806feede1032262f167641a59c4aab6f374d1fd86a2f943cc66b,239,81,0,84,89,2,0,2,88,95,182,81,True,passed,prepared,regression,regression,91932.75348278557,43039.952214563644,128,8192,True,2290288,0.7347497064659005,1828.046875,99.94140625,43.289707620288254,3193736,216.4458254328929,8.172798427963711,42544520,356.87275856896304,1.741821830672858,169232776,570.2826953681652,1.9680945651665027,675691720,415.26597751211375,2.1359864208138646
Boxes_&_Balloons,29,8,"[29, 9, 10]",97ed1f5f22d2899d0e45b9bd1c39a7b6db7ae248e54d6c4ae1a4d9ec9b3cd655,56312d31674e7a5474e3ddd92ef78c789b7ce1208d97e1248a41a83508b403a4,67,35,0,50,22,2,0,2,90,40,59,35,False,passed,ordinary,plateau,plateau,385740.22671111434,284002.5303559503,256,131072,True,366390,0.7934944007401494,379.3046875,38.244140625,28.686054132647854,1502744,143.766677522799,8.627334350970427,19932184,147.82725489418954,3.0807457210973355,79055896,147.73240766394883,1.656711119053931,335723600,188.3878995659761,1.3582281334875876
Caramelban,24,18,"[24, 9, 21]",83144bd3b90c9be9f72f0b466fca58d4c035379440626417bebf410c7b77256f,c6c1bed7f04f0881fad43bef127a01014568371149fb568a2f6538997c1c341f,131,64,0,71,13,2,0,2,189,90,99,64,True,passed,prepared,plateau,regression,67303.62612744432,20950.53693763828,2048,1024,True,2133054,0.7664134423609672,2787.5859375,73.2109375,16.87870724745427,4163328,135.34611907508224,4.641170822280621,61905664,257.4329407600453,3.137813118757204,246738888,629.8927234860603,3.729831496147385,991524808,147.70596483594272,3.2125012512940088
Crate_Assembler,56,11,"[56, 6, 6]",b3ba88b6b1615818ba8103b5724bc35de4975ef16e3f577283ea54febf4009d8,c770e35f29c319557e9a44eb6e3e31b41beaacebbf197c0808e9575169d2639c,7716,90,0,90,0,1,0,2,36,55,7964,90,False,incomplete,ordinary,timeout,timeout,56324.377501879,,16,,False,31824144,0.9991033938686547,16.76953125,90.09375,,,,,,,,,,,,,
Heroes_of_Sokoban_III__The_Bard_and_The_Druid,31,6,"[31, 12, 19]",722f3a60d5e7af147ff3e76bb9a88c92b07e3101d1a6d635082ddfee7c314f6e,4462e725080bde820887693472f0969b4a32883361bd1fc0fbef0c22ab959db7,210,78,0,79,88,2,0,3,228,30,170,78,True,passed,prepared,regression,regression,171056.9482862058,45354.40098209251,256,4096,True,2364360,0.9111333532402821,490.298828125,81.201171875,66.29967322476534,3362008,376.5201994329691,13.03894211119461,46618840,405.56717588217,4.6054005734744905,184660184,454.15695308102295,3.643923952798134,736727512,533.3764577379916,3.771562286838382
IceCrates,32,4,"[32, 7, 7]",060ed340434cacaeb7e075bbfcf7b1558ec401a4c5a233a22d8136f3be1c5b15,debc1bcd30c60053afcdc9e78bfe7d5e54909db9c08647e08dc145dcf6393e15,50,50,0,50,0,1,0,3,49,20,50,50,True,passed,prepared,plateau,regression,353906.42570238205,163425.92105597278,512,16384,True,127400,0.8715506616677724,243.009765625,112.9140625,92.78303877386105,464016,69.40723037812859,26.231508600840623,4179088,90.343710295856,8.594974292681613,13820048,96.04285441688262,3.355043345220696,54564240,130.85020185285248,2.1655464654298653
Indigestion,52,39,"[52, 8, 9]",e0f69b33c6cbb4655ea586492df26f3fc97024c1446b9a861d7282978ece8dab,34b6bf82a94db5b47bd3f04467d088f7d0a6609a7b52ef1bfd5d72204337f529,529,73,3,73,50,2,0,2,72,195,277,73,True,passed,prepared,regression,timeout,135975.55194780524,14111.883117622903,128,1024,False,4926168,0.9494024539812174,599.09375,115.125,87.88757730893595,4714464,567.5280523400288,17.85658511193133,61965024,593.5784517950378,7.342604183885295,246042856,968.7563063360285,,,,9.63553558475829
Memories_Of_Castlemouse,29,5,"[29, 13, 21]",2fd30a03c93cf36057c933b370f443475c911970daf549172832c81aeabde1fd,7e4fe0a3f44899b64cb97b6fd9a8a550b33acb450cc34ae447b8c1786cd7249f,188,93,1,93,4,2,0,4,273,25,188,93,False,failed,ordinary,plateau,failed,154759.3019302429,,256,,False,2771496,0.9736031843161963,78.734375,105.64453125,,,,,,,,,,,,,
ParaLands,78,31,"[78, 13, 12]",3325f28e495c6682e44b4f68983b3336c7d1f29dd6724e5d9aea3ccd65d94da0,9feaebd333141fb0e4d255a96969f035578bd353707b15503ffebc02f8f7dbc6,516,125,0,131,61,2,12,3,156,155,350,125,True,passed,prepared,regression,timeout,41655.895676373264,82.14090599665484,2048,16,False,12721800,0.8912545995821237,8385.609375,279.43359375,175.52569374693644,10909672,1140.4361092809122,,,,,,,,,,507.12729754977
Sokoboros,74,9,"[74, 52, 52]",f9a781a672514e600c916a8f3b2f0107118739c8d132db02d156c7f10450a100,bfc892533439ee1263015cb76dddd05e780242ea64709bdfcab558c0997325d4,90,90,3,90,23,3,0,3,2704,45,90,90,False,passed,ordinary,regression,timeout,29444.38372111179,1408.8156580931422,2048,1024,False,28959840,0.8599430452391714,1744.765625,94.5390625,13.226596951987265,32650176,270.6328777601011,21.85261017578003,515487176,277.0467543650884,20.799256132699835,2060790216,308.1345332930796,18.078951016214216,8241930696,468.0751467139926,20.900096866445466
SwapBot,59,13,"[59, 6, 6]",6bc9ea73464851152188bdebbeec54d98cd171d665fed24b9d77275281064758,51301b9ff551ea1f8b075ca723e7342c1b024b37ac4ed504ab9639cd1f65ce6c,174,72,0,72,101,3,0,2,36,65,117,72,True,passed,prepared,regression,timeout,317486.26550055796,30339.76178783533,256,16384,False,522288,0.8422431806211667,371.103515625,82.14453125,88.8450780015107,1385280,225.9386299471371,73.72607883088766,15025728,244.59205572702922,17.854962012523732,60092736,342.0337912621908,10.549697634987478,239041432,595.6958797159605,10.464362499637472
Symbolism,87,20,"[87, 7, 10]",bfdb339e8facb52746ea0e73149a9a70ca8302981b00a7b87e0274b1a7bc892d,b42f36f2804cbe46cbea3fd562e564ca6923779a10a2b084da87cf3c24851bdc,330,159,0,165,264,3,0,4,70,100,317,159,True,passed,prepared,regression,timeout,131641.0296797612,544.8400374549315,128,16,False,4149530,0.7522597054372184,1022.09375,164.708984375,115.54350236140291,4038128,1545.1891057749745,,,,,,,,,,241.61408969628155
Transition,49,9,"[49, 13, 26]",3668f0f497dfd8592fedb2201be56bc4b2f28160d797ca42a64e7c858b34da76,5ef0ff70518b763b15cbd6392cd28c3f8621ca60417f835d71a9082e2fd80fea,95,68,0,68,81,3,41,3,338,45,95,68,True,passed,prepared,regression,timeout,82279.4117743549,858.8751155526987,256,1024,False,3018340,0.8814841949313394,1983.28125,70.01953125,306.2951739483272,9701400,423.0697586820461,180.83889428715278,144398872,410.32969327806495,77.28858582973774,576344256,636.2649823359679,,,,95.79904026140854
Unconventional_Guns,75,13,"[75, 8, 7]",84d6ed93e7851e6da726eaaee6e373613941e055fa4eadb6c8348844521ac4c9,4185bdaadd079d1248b00d903112050a75640ff03aab328b9d3f7e377da77ff2,248,112,0,112,70,3,4,4,56,65,201,102,False,passed,ordinary,regression,regression,238768.49394461708,89183.9825837261,256,4096,True,1575840,0.9403781146587675,818.65625,141.1484375,61.22291648033051,2385640,442.82092959503643,12.19956715280388,26689768,500.0094484910369,3.9332721593360764,105082344,550.5410313329194,2.0543197100600827,417904344,838.001026095124,2.6772575862539076
Vacuum,96,7,"[96, 54, 63]",d64313f8b37a378d3a0aecbb887b4b5f6ba395d40702a18742eccf306f7840b3,1dc4ab625ea4e244143f2dfa690a5b38eb6b65d94f94ca8838ba90a4b7521340,542,116,0,106,57,3,0,4,3402,35,312,106,False,passed,ordinary,regression,timeout,14249.7312028664,283.98114611219626,2048,16,False,139046544,0.7706241616315378,21035.427734375,138.513671875,12.372741371443043,91385576,1165.28799862694,140.69343266108925,1442470328,1267.6592145280447,,,,,,,50.17844106184629
castlecloset,39,2,"[39, 16, 24]",fc4826fb8bb75df99f45ee28ab09843a2879bd4a08f1b4f16e01abbad693dce0,9c4941f436f68aa55a75f3c7eff88a22cd7478e3eafdbe9be3679007c6de1ed4,176,44,0,44,0,1,0,2,384,10,176,44,False,passed,ordinary,regression,plateau,198329.38486780564,49714.3544371833,4096,8192,True,3311616,0.9047360248447205,16.396484375,44.0234375,38.006568654353195,2779232,314.0012709470466,11.057743657477305,35023712,267.3397422230337,4.714090734731757,138265048,269.96881042490713,4.06051290324863,551694280,342.3734072020743,3.98937866362934
