arch,astar_final_cellerr,astar_first_div,astar_rollout_cellerr,best_change_acc,best_loss,bfs_final_cellerr,bfs_first_div,bfs_rollout_cellerr,final_change_acc,final_loss,games,n_params,n_steps_logged,random_final_cellerr,random_first_div,random_rollout_cellerr,random_tf_final_cellerr,random_tf_first_div,random_tf_rollout_cellerr,seed
cnn_d4,0.0,,0.0,1.0,0.10657262057065964,0.0,,0.0,1.0,0.12439551204442978,microban_authored,4998726,10000,0.0013541666666666667,47.91,0.0009288690476190478,0.00020833333333333332,47.17999999999999,6.577380952380954e-05,0
cnn_d4,0.004166666666666667,106.0,3.8940809968847354e-05,1.0,0.10949587821960449,0.004166666666666667,106.0,3.8940809968847354e-05,1.0,0.12668144702911377,microban_authored,4998726,10000,0.0022619047619047623,45.489999999999995,0.0020523809523809522,0.0,48.39,3.80952380952381e-05,1
cnn_d4,0.005555555555555555,72.0,0.001609553478712357,1.0,0.1057199090719223,0.005555555555555555,72.0,0.001609553478712357,1.0,0.1315348595380783,microban_authored,4998726,10000,0.0010416666666666667,49.58,0.0005166666666666668,0.00020833333333333332,49.2,3.80952380952381e-05,2
nca_perstep,0.0,,0.0,1.0,0.10646670311689377,0.0,,0.0,1.0,0.1242697462439537,microban_authored,7358022,10000,0.0016666666666666666,49.2,0.0009238095238095238,0.0,49.71,1.4285714285714287e-05,0
nca_perstep,0.014087301587301588,35.0,0.008480330676592358,1.0,0.10950961709022522,0.014087301587301588,35.0,0.008480330676592358,1.0,0.12669846415519714,microban_authored,7358022,10000,0.0001785714285714286,49.989999999999995,3.5714285714285718e-06,0.0,50.0,0.0,1
nca_perstep,0.0,,0.0,1.0,0.10607501119375229,0.0,,0.0,1.0,0.1319841742515564,microban_authored,7358022,10000,0.0020833333333333333,49.63,0.0008166666666666666,0.0,49.53,3.3333333333333335e-05,2
nca_shared,0.003422619047619047,64.0,8.288890376519243e-05,1.0,0.10599931329488754,0.003422619047619047,64.0,8.288890376519243e-05,1.0,0.12372312694787979,microban_authored,1944006,10000,0.0018452380952380953,49.32000000000001,0.0003773809523809524,0.0,49.910000000000004,4.761904761904762e-06,0
nca_shared,0.0,,0.0,1.0,0.10917586833238602,0.0,,0.0,1.0,0.12631240487098694,microban_authored,1944006,10000,0.0,50.0,0.0,0.0,50.0,0.0,1
nca_shared,0.0,,0.0,1.0,0.10507720708847046,0.0,,0.0,1.0,0.1307508498430252,microban_authored,1944006,10000,0.005238095238095238,46.42,0.002428571428571429,0.0,47.85,4.761904761904762e-05,2
unet_l2,0.06626984126984127,11.6,0.040572912552176287,1.0,0.10706953704357147,0.0626984126984127,11.6,0.04236662345759108,1.0,0.1249423623085022,microban_authored,6073926,10000,0.04373015873015873,36.8,0.029993452380952378,0.002321428571428572,36.04,0.0032435064935064928,0
unet_l2,0.03919853294853295,18.375,0.020305854288918665,1.0,0.10986319929361343,0.03919853294853295,18.75,0.021086424703420602,1.0,0.12708242237567902,microban_authored,6073926,10000,0.01066137566137566,38.86,0.006409656084656085,0.002056878306878307,36.48,0.0024910714285714284,1
unet_l2,0.038708513708513706,12.142857142857142,0.026650897892537363,1.0,0.10649046301841736,0.04325396825396825,10.833333333333334,0.030325423347732323,1.0,0.13240860402584076,microban_authored,6073926,10000,0.027549603174603178,35.910000000000004,0.019000066137566142,0.0010714285714285715,36.97,0.0021046296296296295,2
vit_l4,0.09528920153920153,0.8,0.08509469676382679,1.0,0.10661637037992477,0.11671777296777297,0.8,0.09885829770310042,1.0,0.12366118282079697,microban_authored,3993158,10000,0.08326268638768639,4.0,0.06066016714766714,0.01146825396825397,2.93,0.012387728475228475,0
vit_l4,0.10443272005772006,0.1,0.0899641189932294,1.0,0.10950072109699249,0.10621843434343434,0.1,0.09163642484938021,1.0,0.12660358846187592,microban_authored,3993158,10000,0.08481346200096201,0.8699999999999999,0.06473040524290524,0.018020382395382395,0.9899999999999999,0.017572354497354496,1
vit_l4,0.10594937469937468,0.5,0.08750343610712845,1.0,0.10590193420648575,0.10594937469937468,0.5,0.08897214316995963,1.0,0.13115133345127106,microban_authored,3993158,10000,0.0917039442039442,2.77,0.06997372534872534,0.016097883597883597,3.5100000000000002,0.01461970598845599,2
cnn_d4,0.12939508383431442,1.6341463414634145,0.0783650991439572,1.0000001192092896,1.7926613509189337e-05,0.12141686807425094,2.1363636363636362,0.07215116011685078,0.9848484396934509,0.029987303540110588,scaling_14,5011217,20000,0.10805710016663872,18.957575757575754,0.0772484576068907,0.004700484366629754,19.01818181818182,0.005839059522504614,0
cnn_d4,0.16417237414518968,1.96,0.10215648473800458,1.0000001192092896,1.9106653780909255e-05,0.1477033751987304,2.12,0.09142912263139556,1.0,0.0857347697019577,scaling_14,5011217,20000,0.12802496459121204,12.966666666666669,0.09226693516931715,0.003926756193314433,13.496969696969696,0.004823061665208713,1
cnn_d4,0.14786036304001893,2.2,0.08570233549775892,1.0000001192092896,1.5075624105520546e-05,0.1376297759090779,2.875,0.07691585552815323,1.0,0.03967881202697754,scaling_14,5011217,20000,0.11137839903513916,17.409090909090914,0.08046736794602112,0.0028430471603560128,17.643939393939394,0.0035974057119336467,2
nca_perstep,0.11878724397796267,2.5,0.06885780028473897,1.0,1.5866742614889517e-05,0.10459780598114701,1.8048780487804879,0.06155962677148702,0.9999999403953552,0.029684260487556458,scaling_14,7370513,20000,0.09887665427702363,20.586363636363636,0.07299178647682203,0.0018473521627377575,20.022727272727273,0.002973224118410507,0
nca_perstep,0.1599509764940921,2.953488372093023,0.09067705769166415,1.0000001192092896,1.4369665223057382e-05,0.14836235488643967,2.4545454545454546,0.08222858976333747,1.0,0.08579175919294357,scaling_14,7370513,20000,0.11548163957990917,19.36060606060606,0.08174875947955122,0.0013182884473298567,19.733333333333327,0.0025236630279842484,1
nca_perstep,0.12821570565011198,1.7435897435897436,0.07489780457971752,1.0000001192092896,1.4572002328350209e-05,0.11881376454901399,2.0277777777777777,0.06772225122734045,1.0,0.03951327130198479,scaling_14,7370513,20000,0.09723335648597975,21.133333333333336,0.07053130520633545,0.0007591162485747176,21.586363636363636,0.0020270469844544275,2
nca_shared,0.14637970227589558,3.0930232558139537,0.08426640202650207,1.0,8.594488463131711e-06,0.13438039245916528,2.627906976744186,0.07524953031520087,0.9696969389915466,0.029912639409303665,scaling_14,1956497,20000,0.10598912974286262,21.0469696969697,0.0755416946677058,0.0026976922456537866,21.35151515151515,0.0036521555801975903,0
nca_shared,0.14610210448136093,2.204081632653061,0.0892876639886791,1.0000001192092896,2.0643676180043258e-05,0.1303272161762949,2.0416666666666665,0.07899291546373707,1.0,0.08651892840862274,scaling_14,1956497,20000,0.11236262250932032,15.53939393939394,0.08014932596989838,0.00534450544735723,15.806060606060607,0.005819807126303122,1
nca_shared,0.1479985461556652,2.0454545454545454,0.0900740733011041,1.0000001192092896,1.1285113032499794e-05,0.12874260524869635,2.357142857142857,0.07708577926126248,1.0,0.03964618220925331,scaling_14,1956497,20000,0.1103408463664831,17.657575757575756,0.07991288150591525,0.002716496427560948,18.80151515151515,0.0038057927433511078,2
unet_l2,0.23586009370848196,0.5079365079365079,0.13817295913822117,1.0000001192092896,0.00011315558367641643,0.2081251246972091,0.5384615384615384,0.12151098991421866,0.9999999403953552,0.03196650370955467,scaling_14,6086417,20000,0.15792378045037975,2.5909090909090913,0.11868390903350619,0.011302740551060945,2.4787878787878785,0.012234590051612856,0
unet_l2,0.22621259468569865,1.1746031746031746,0.13635758448928034,1.0000001192092896,4.309929136070423e-05,0.2144874506024857,0.828125,0.12694540234722546,1.0,0.08689335733652115,scaling_14,6086417,20000,0.16654978231108908,3.4196969696969695,0.12443795085275032,0.013477719120833382,3.8287878787878786,0.014108202871398162,1
unet_l2,0.23248130768097486,0.5,0.14189114000562958,1.0000001192092896,0.00010813156404765323,0.2083429618146949,0.6129032258064516,0.12588368983801743,1.0,0.0425323024392128,scaling_14,6086417,20000,0.19073688401185734,2.1818181818181817,0.13788765785510157,0.011507022553644533,2.01969696969697,0.012844971440218983,2
vit_l4,0.2646689881158264,0.7931034482758621,0.20956281461095194,1.0,0.0013498780317604542,0.2629274919066947,0.7166666666666667,0.2050533487258981,0.6212121248245239,0.04309411719441414,scaling_14,4005649,20000,0.2594911702647167,5.657575757575758,0.22629033852911254,0.030340186346444368,6.03030303030303,0.03340640238877395,0
vit_l4,0.25466723062019897,0.7222222222222222,0.17061926400646898,1.0,0.0008243581978604198,0.22639649630778516,0.9464285714285714,0.1517393342246826,0.1666666716337204,0.09243576228618622,scaling_14,4005649,20000,0.19940932841285092,7.878787878787879,0.16276470144950814,0.029268034367531486,7.925757575757574,0.03149791636537133,1
vit_l4,0.22085369596165816,1.2857142857142858,0.14617053075202005,1.0,0.00019784165488090366,0.20488147453617012,1.2758620689655173,0.1365778047130492,0.9130434989929199,0.04539074748754501,scaling_14,4005649,20000,0.1963285549927445,7.768181818181817,0.1565712145530583,0.019673312173025564,7.728787878787879,0.021408689606340493,2
cnn_d4,0.08333333333333333,3.5,0.05548791486291486,1.0,0.06693050265312195,0.08333333333333333,3.5,0.05548791486291486,1.0,0.10029537975788116,sokoban_basic_synth,4998726,10000,0.05,21.6,0.028666666666666667,0.0035714285714285718,25.35,0.0015952380952380955,0
cnn_d4,0.011904761904761904,7.0,0.00937950937950938,1.0,0.06611299514770508,0.011904761904761904,7.0,0.00937950937950938,0.9830508232116699,0.09757668524980545,sokoban_basic_synth,4998726,10000,0.06785714285714287,10.75,0.04911904761904762,0.002380952380952381,9.2,0.0017142857142857142,1
cnn_d4,0.07142857142857142,10.5,0.01986381673881674,1.0,0.07242430746555328,0.07142857142857142,10.5,0.01986381673881674,0.9787233471870422,0.09180548042058945,sokoban_basic_synth,4998726,10000,0.05119047619047619,25.700000000000003,0.03276190476190477,0.004761904761904762,27.3,0.0015476190476190477,2
nca_perstep,0.047619047619047616,11.0,0.012648809523809524,1.0,0.0680360347032547,0.047619047619047616,11.0,0.012648809523809524,1.0,0.10132759809494019,sokoban_basic_synth,8486693,10000,0.055952380952380955,14.7,0.03133333333333334,0.0011904761904761906,15.5,0.003333333333333333,0
nca_perstep,0.10714285714285714,10.0,0.04513888888888889,1.0,0.06720825284719467,0.10714285714285714,10.0,0.04513888888888889,0.9491525292396545,0.1001148447394371,sokoban_basic_synth,8486693,10000,0.075,20.6,0.048309523809523816,0.0011904761904761906,21.75,0.0017857142857142857,1
nca_perstep,0.023809523809523808,20.5,0.004802489177489177,1.0,0.07317344844341278,0.023809523809523808,20.5,0.004802489177489177,0.9999999403953552,0.09218379855155945,sokoban_basic_synth,8486693,10000,0.08571428571428572,15.45,0.06630952380952382,0.0011904761904761906,21.55,0.002761904761904762,2
nca_shared_noac,0.05952380952380952,3.5,0.04062950937950938,1.0,0.0679294764995575,0.05952380952380952,3.5,0.04062950937950938,1.0,0.10153356194496155,sokoban_basic_synth,2941605,10000,0.0630952380952381,6.6,0.04166666666666667,0.0035714285714285718,3.8,0.005785714285714285,0
nca_shared_noac,0.05952380952380952,6.0,0.039254148629148625,1.0,0.06773452460765839,0.05952380952380952,6.0,0.039254148629148625,1.0,0.09788599610328674,sokoban_basic_synth,2941605,10000,0.07738095238095238,6.25,0.05852380952380952,0.004761904761904762,8.0,0.0038571428571428567,1
nca_shared_noac,0.011904761904761904,7.0,0.012355699855699856,1.0,0.07430293411016464,0.011904761904761904,7.0,0.012355699855699856,0.9999999403953552,0.09390166401863098,sokoban_basic_synth,2941605,10000,0.07023809523809524,10.8,0.044500000000000005,0.0011904761904761906,8.0,0.004238095238095239,2
nca_shared_noap,0.05952380952380952,0.5,0.05041486291486291,1.0,0.06880554556846619,0.05952380952380952,0.5,0.05041486291486291,1.0,0.1027955487370491,sokoban_basic_synth,2941605,10000,0.10357142857142856,3.0999999999999996,0.07971428571428571,0.0,2.2,0.0067857142857142855,0
nca_shared_noap,0.07142857142857142,6.0,0.047821969696969696,1.0,0.06914748251438141,0.07142857142857142,6.0,0.047821969696969696,0.9322034120559692,0.10227426886558533,sokoban_basic_synth,2941605,10000,0.0630952380952381,13.15,0.04019047619047619,0.002380952380952381,15.100000000000001,0.0027380952380952383,1
nca_shared_noap,0.07142857142857142,4.0,0.04108044733044733,1.0,0.07550220191478729,0.07142857142857142,4.0,0.04108044733044733,0.9999999403953552,0.09474343061447144,sokoban_basic_synth,2941605,10000,0.08214285714285714,8.0,0.05752380952380953,0.007142857142857143,7.35,0.005,2
nca_shared_nogp,0.11904761904761904,6.0,0.0624774531024531,1.0,0.0664735957980156,0.11904761904761904,6.0,0.0624774531024531,0.9807692766189575,0.10501431673765182,sokoban_basic_synth,3007141,10000,0.07142857142857142,9.149999999999999,0.05338095238095238,0.004761904761904762,5.15,0.005166666666666667,0
nca_shared_nogp,0.07142857142857142,5.0,0.04434974747474747,1.0,0.06620196998119354,0.07142857142857142,5.0,0.04434974747474747,0.9661017060279846,0.0971822589635849,sokoban_basic_synth,3007141,10000,0.057142857142857134,11.4,0.0385952380952381,0.007142857142857143,12.9,0.0025476190476190477,1
nca_shared_nogp,0.13095238095238093,4.0,0.06921897546897546,1.0,0.072883740067482,0.13095238095238093,4.0,0.06921897546897546,0.9999999403953552,0.0921136736869812,sokoban_basic_synth,3007141,10000,0.07738095238095238,6.8500000000000005,0.048690476190476194,0.0035714285714285718,9.95,0.0029047619047619056,2
nca_shared_nois,0.08333333333333333,5.0,0.03839736652236651,1.0,0.06732463091611862,0.08333333333333333,5.0,0.03839736652236651,0.9807692766189575,0.10192055255174637,sokoban_basic_synth,2482853,10000,0.05476190476190476,17.8,0.03611904761904762,0.0011904761904761906,16.3,0.0015476190476190475,0
nca_shared_nois,0.0,,0.0,1.0,0.06721656769514084,0.0,,0.0,0.9830508232116699,0.09829737991094589,sokoban_basic_synth,2482853,10000,0.039285714285714285,26.7,0.02123809523809524,0.0,19.4,0.0017380952380952382,1
nca_shared_nois,0.09523809523809523,4.0,0.057990620490620495,1.0,0.07348445802927017,0.09523809523809523,4.0,0.057990620490620495,0.9787233471870422,0.09323529154062271,sokoban_basic_synth,2482853,10000,0.02261904761904762,21.05,0.020880952380952382,0.0,20.6,0.0017619047619047618,2
nca_shared_nopool,0.10714285714285714,0.5,0.0872790404040404,1.0,0.06805359572172165,0.10714285714285714,0.5,0.0872790404040404,0.9615384936332703,0.10502888262271881,sokoban_basic_synth,2679205,10000,0.08571428571428572,1.3,0.0669761904761905,0.015476190476190477,1.7,0.014238095238095237,0
nca_shared_nopool,0.05952380952380952,1.5,0.0633342352092352,1.0,0.06838005036115646,0.05952380952380952,1.5,0.0633342352092352,0.9661017060279846,0.10038867592811584,sokoban_basic_synth,2679205,10000,0.08333333333333333,2.0,0.07019047619047618,0.011904761904761904,2.25,0.010738095238095238,1
nca_shared_nopool,0.15476190476190477,0.5,0.10923971861471862,1.0,0.07463335990905762,0.15476190476190477,0.5,0.10923971861471862,0.9787233471870422,0.09336776286363602,sokoban_basic_synth,2679205,10000,0.08928571428571427,1.25,0.07454761904761904,0.005952380952380952,1.1,0.011833333333333333,2
nca_shared,0.03571428571428571,10.0,0.01618867243867244,1.0,0.06699062883853912,0.03571428571428571,10.0,0.01618867243867244,1.0,0.10247359424829483,sokoban_basic_synth,3072677,10000,0.05952380952380952,8.95,0.0435952380952381,0.0035714285714285718,13.95,0.0032619047619047623,0
nca_shared,0.023809523809523808,5.0,0.019052128427128428,1.0,0.06712940335273743,0.023809523809523808,5.0,0.019052128427128428,0.9661017060279846,0.09789342433214188,sokoban_basic_synth,3072677,10000,0.05714285714285714,16.2,0.03983333333333333,0.0,11.3,0.0019761904761904764,1
nca_shared,0.07142857142857142,12.5,0.027169011544011544,1.0,0.07403804361820221,0.07142857142857142,12.5,0.027169011544011544,0.9999999403953552,0.09372414648532867,sokoban_basic_synth,3072677,10000,0.060714285714285714,10.9,0.039285714285714285,0.005952380952380952,8.6,0.0029761904761904765,2
unet_l2,0.09523809523809523,0.5,0.09451659451659451,1.0,0.0699073076248169,0.09523809523809523,0.5,0.09451659451659451,0.9230769872665405,0.10471386462450027,sokoban_basic_synth,6073926,10000,0.07738095238095238,1.6,0.06464285714285715,0.013095238095238094,0.75,0.01288095238095238,0
unet_l2,0.08333333333333333,0.5,0.09115710678210678,1.0,0.06824920326471329,0.08333333333333333,0.5,0.09115710678210678,0.9491525292396545,0.10120297968387604,sokoban_basic_synth,6073926,10000,0.058333333333333334,1.05,0.05499999999999999,0.025,1.45,0.014404761904761905,1
unet_l2,0.07142857142857142,0.5,0.08184523809523808,1.0,0.07599187642335892,0.07142857142857142,0.5,0.08184523809523808,0.9574467539787292,0.09651695191860199,sokoban_basic_synth,6073926,10000,0.10476190476190476,2.7,0.0932857142857143,0.014285714285714285,1.7,0.01380952380952381,2
vit_l4,0.11904761904761904,0.5,0.10583513708513709,1.0,0.08492881804704666,0.11904761904761904,0.5,0.10583513708513709,0.8461538553237915,0.11845427751541138,sokoban_basic_synth,3993158,10000,0.09285714285714286,1.05,0.07959523809523808,0.020238095238095236,1.15,0.024142857142857146,0
vit_l4,0.14285714285714285,0.5,0.11280212842712842,1.0,0.08123860508203506,0.14285714285714285,0.5,0.11280212842712842,0.8983050584793091,0.11975526809692383,sokoban_basic_synth,3993158,10000,0.16904761904761906,0.5,0.12466666666666668,0.025,0.75,0.026690476190476188,1
vit_l4,0.11904761904761904,1.0,0.11093073593073592,1.0,0.08607247471809387,0.11904761904761904,1.0,0.11093073593073592,0.9574467539787292,0.10248551517724991,sokoban_basic_synth,3993158,10000,0.11547619047619048,1.25,0.1075952380952381,0.010714285714285714,1.75,0.019,2
