game,batch,threads,speedup,min_seed_ratio,max_seed_ratio,baseline_fps,candidate_fps
sokoban_basic,1,1,1.1969424605134578,1.194428184485599,1.1994620291022475,17098.28531976444,20465.663701200025
blocks,1,1,1.687262621781026,1.6858035201846386,1.6887229862632973,6046.8579101663,10202.637331044536
Zen_Puzzle_Garden,1,1,1.22595361575608,1.2214687816823309,1.2304549166744763,8465.950145089633,10378.862191183347
kettle,1,1,1.505820532207898,1.4835400824964096,1.5284355993963277,4135.642154878956,6227.534870681237
notsnake,1,1,1.1039579053445971,1.1022568444558056,1.105661591400256,17571.2229650728,19397.890498864657
Slidings,1,1,1.0760122046651315,1.0735171368249643,1.078513071540371,17175.723404599066,18481.288007301133
limerick,1,1,1.3963684599327297,1.3855312343368877,1.4072904511806947,4604.324323573235,6429.333264738757
Microban,1,1,1.1946849853626305,1.1920702115497466,1.1973054946112516,16207.155214107572,19362.44498973601
sokoban_basic,32,1,1.4835450267832762,1.4802122378449436,1.4868853197009866,34119.29219453251,50617.5062525642
blocks,32,1,2.004153863743447,2.000931441200727,2.0073814758727915,7847.9598301300275,15728.519016058424
Zen_Puzzle_Garden,32,1,1.3436376448527148,1.3427472265731708,1.344528653596865,12208.148988724006,16403.32855522019
kettle,32,1,1.679933639872116,1.6788859318449016,1.680982001721064,5259.633877270906,8835.835883838403
notsnake,32,1,1.2719341603853371,1.2715941356521443,1.272274276041267,40543.6409522274,51568.84191353586
Slidings,32,1,1.1756218914059422,1.1737803969014782,1.1774662749533815,35874.251245138155,42174.5551015813
limerick,32,1,1.3341984666133289,1.3330201036779432,1.3353778711978266,5876.244905277815,7840.076942066056
Microban,32,1,1.479843027808116,1.4780290554035476,1.4816592264854853,34140.27957043134,50522.25468972274
sokoban_basic,256,8,1.4580922563035865,1.4577606941131995,1.4584238939065475,245462.43548960978,357906.8764008186
blocks,256,8,1.9461071949776225,1.9459000279722103,1.946314384038725,60702.52091425489,118133.61270451103
Zen_Puzzle_Garden,256,8,1.3253191466054954,1.3233334245104587,1.327307848367006,92236.1271378949,122242.3053045908
kettle,256,8,1.6320779769689984,1.6319408011841248,1.6322151642844351,40228.492907968975,65656.03732174971
notsnake,256,8,1.2671182961550946,1.2656603704085574,1.2685779012996223,287863.10289122816,364756.6044614526
Slidings,256,8,1.1567832979035686,1.1564204818824468,1.1571462277547955,242785.43149942192,280850.13213284255
limerick,256,8,1.4648863477438292,1.4612438007246784,1.4685379748006715,40936.72796112738,59967.65391155856
Microban,256,8,1.4588748622207197,1.4586259857414843,1.459123781164235,244919.18069427728,357306.4359905753
