run,bucket,game,n_levels,model_step1,model_rollout,identity_step1,identity_rollout,perfect_step1,beats_identity_step1,eval_dir
authored_scaling6,heldout,Microban,10,0.0036706349206349206,0.028938492063492062,0.013023088023088023,0.018052348885682218,8,1,heldout_eval
single_synth_sokoban_w7,heldout,Microban,10,0.0,0.0,0.013023088023088023,0.018052348885682218,10,1,heldout_eval_full
single_synth_sokoban_w8,heldout,Microban,10,0.0136513949013949,0.05228286502592058,0.013023088023088023,0.018052348885682218,3,0,heldout_eval_full
synth_4games_per_game_size,heldout,Microban,10,0.0013888888888888887,0.007453854016354016,0.013023088023088023,0.018052348885682218,8,1,heldout_eval_full
synth_scaling6_k5,heldout,Microban,10,0.005654761904761905,0.02902757736091069,0.013023088023088023,0.018052348885682218,7,1,heldout_eval_full
synth_scaling6_multigrid_k5,heldout,Microban,10,0.003935185185185185,0.03515368633424189,0.013023088023088023,0.018052348885682218,5,1,heldout_eval_full
synth_scaling6_v7_fallback,heldout,Microban,10,0.0025793650793650793,0.02222663139329806,0.013023088023088023,0.018052348885682218,8,1,heldout_eval_full
authored_scaling6,heldout,Microban_I,20,0.003881448412698413,0.04007188702501203,0.013222853535353535,0.01728157567740901,14,1,heldout_eval
single_synth_sokoban_w7,heldout,Microban_I,30,0.0,0.00020833333333333335,0.01746837708147232,0.0180586152530597,30,1,heldout_eval_full
single_synth_sokoban_w8,heldout,Microban_I,30,0.013371083281797567,0.0416321184571846,0.01746837708147232,0.0180586152530597,10,1,heldout_eval_full
synth_4games_per_game_size,heldout,Microban_I,30,0.002882495590828924,0.020467056318412138,0.01746837708147232,0.0180586152530597,22,1,heldout_eval_full
synth_scaling6_k5,heldout,Microban_I,30,0.0025903880070546736,0.017573916842270016,0.01746837708147232,0.0180586152530597,25,1,heldout_eval_full
synth_scaling6_multigrid_k5,heldout,Microban_I,30,0.006233107721202959,0.03477579961558136,0.01746837708147232,0.0180586152530597,14,1,heldout_eval_full
synth_scaling6_v7_fallback,heldout,Microban_I,30,0.002563618039808516,0.017614170808615253,0.01746837708147232,0.0180586152530597,24,1,heldout_eval_full
authored_scaling6,train_sample,Travelling_salesman,12,0.006570084824053078,0.019453132144490168,0.006473801346399508,0.013226553671067735,4,0,heldout_eval
synth_scaling6_multigrid_k5,train_sample,Travelling_salesman,12,0.02801249154632613,0.2872637238058894,0.006473801346399508,0.013226553671067735,0,0,heldout_eval_full
authored_scaling6,train_sample,Zen_Puzzle_Garden,5,0.0,0.0,0.011195286195286194,0.009017957351290684,5,1,heldout_eval
synth_scaling6_k5,train_sample,Zen_Puzzle_Garden,5,0.008796296296296297,0.06241021324354658,0.011195286195286194,0.009017957351290684,1,1,heldout_eval_full
synth_scaling6_multigrid_k5,train_sample,Zen_Puzzle_Garden,5,0.007954545454545454,0.05299663299663299,0.011195286195286194,0.009017957351290684,0,1,heldout_eval_full
synth_scaling6_v7_fallback,train_sample,Zen_Puzzle_Garden,5,0.05235690235690236,0.16694304152637487,0.011195286195286194,0.009017957351290684,0,0,heldout_eval_full
authored_scaling6,train_sample,blocks,1,0.0,0.0,0.023310023310023312,0.030769230769230774,1,1,heldout_eval
synth_scaling6_k5,train_sample,blocks,1,0.0,0.0,0.023310023310023312,0.030769230769230774,1,1,heldout_eval_full
synth_scaling6_v7_fallback,train_sample,blocks,1,0.0,0.0019425019425019418,0.023310023310023312,0.030769230769230774,1,1,heldout_eval_full
authored_scaling6,train_sample,kettle,11,0.019877159877159878,0.0665616852283519,0.06168498168498169,0.018584921251587918,0,1,heldout_eval
synth_scaling6_k5,train_sample,kettle,11,0.04357198357198357,0.2153609600276267,0.06168498168498169,0.018584921251587918,0,1,heldout_eval_full
synth_scaling6_multigrid_k5,train_sample,kettle,11,0.03086099086099086,0.1777452670786004,0.06168498168498169,0.018584921251587918,0,1,heldout_eval_full
synth_scaling6_v7_fallback,train_sample,kettle,11,0.0412054612054612,0.20891444358111025,0.06168498168498169,0.018584921251587918,0,1,heldout_eval_full
authored_scaling6,train_sample,nekopuzzle,10,0.0,0.0,0.005803571428571428,0.0061879960317460314,10,1,heldout_eval
synth_4games_per_game_size,train_sample,nekopuzzle,10,0.013541666666666665,0.05636656746031746,0.005803571428571428,0.0061879960317460314,3,0,heldout_eval_full
synth_scaling6_k5,train_sample,nekopuzzle,10,0.014062499999999999,0.05620039682539682,0.005803571428571428,0.0061879960317460314,3,0,heldout_eval_full
synth_scaling6_multigrid_k5,train_sample,nekopuzzle,10,0.004166666666666667,0.05147569444444444,0.005803571428571428,0.0061879960317460314,6,1,heldout_eval_full
synth_scaling6_v7_fallback,train_sample,nekopuzzle,10,0.01294642857142857,0.05906746031746032,0.005803571428571428,0.0061879960317460314,3,0,heldout_eval_full
authored_scaling6,train_sample,sokoban_basic,2,0.0,0.0003968253968253968,0.023809523809523808,0.021957671957671954,2,1,heldout_eval
single_synth_sokoban_w7,train_sample,sokoban_basic,2,0.0,0.0,0.023809523809523808,0.021957671957671954,2,1,heldout_eval_full
single_synth_sokoban_w8,train_sample,sokoban_basic,2,0.03968253968253968,0.05859788359788359,0.023809523809523808,0.021957671957671954,0,0,heldout_eval_full
synth_4games_per_game_size,train_sample,sokoban_basic,2,0.011904761904761904,0.0642857142857143,0.023809523809523808,0.021957671957671954,1,1,heldout_eval_full
synth_scaling6_k5,train_sample,sokoban_basic,2,0.011904761904761904,0.025925925925925925,0.023809523809523808,0.021957671957671954,1,1,heldout_eval_full
synth_scaling6_multigrid_k5,train_sample,sokoban_basic,2,0.011904761904761904,0.05608465608465609,0.023809523809523808,0.021957671957671954,0,1,heldout_eval_full
synth_scaling6_v7_fallback,train_sample,sokoban_basic,2,0.0,0.025661375661375663,0.023809523809523808,0.021957671957671954,2,1,heldout_eval_full
synth_4games_per_game_size,train_sample,sokoban_match3,2,0.01917989417989418,0.05089285714285714,0.027116402116402115,0.019201940035273368,0,1,heldout_eval_full
