game,engine,batch,median_fps,q25_fps,q75_fps,compile_s,temporary_bytes,stop_reason
sokoban_basic,cpp_cpu,1,13541.919144192723,13534.353173822234,13556.252108762877,,,plateau
sokoban_basic,cpp_cpu,2,27257.194238029722,27163.779395291087,27307.96700636349,,,plateau
sokoban_basic,cpp_cpu,4,63398.90884200183,63329.89177846176,63444.71894132975,,,plateau
sokoban_basic,cpp_cpu,8,122123.44621966624,121670.43406902344,122340.84232485079,,,plateau
sokoban_basic,cpp_cpu,16,222405.64133506143,213029.72022061757,229712.92888220146,,,plateau
sokoban_basic,cpp_cpu,32,537268.9128893961,525049.8233195693,543361.8658274751,,,plateau
sokoban_basic,cpp_cpu,64,835306.8710834057,826083.7290799795,846030.1620421098,,,plateau
sokoban_basic,cpp_cpu,128,1021516.7786894994,867296.4129977827,1033588.9911706583,,,plateau
sokoban_basic,cpp_cpu,256,1245437.8917577192,1214195.1794034743,1452101.198954065,,,plateau
sokoban_basic,cpp_cpu,512,1008388.0377150563,587167.8223431276,1019318.6871558897,,,plateau
sokoban_basic,cpp_cpu,1024,1817735.6146900184,1172318.6661054667,1833785.30274733,,,plateau
sokoban_basic,cpp_cpu,2048,1841573.876598637,1738231.7779999066,1893092.6982439223,,,plateau
sokoban_basic,cpp_cpu,4096,1810710.3989406526,1760755.5609277117,1811492.555270224,,,plateau
sokoban_basic,jax_h200_ordinary,1,2963.512337551012,2947.1083739580645,2966.2366228541728,11.459554163971916,19552,plateau
sokoban_basic,jax_h200_ordinary,16,27502.411011353135,27497.79894136777,28327.85905661345,11.639219166943803,134240,plateau
sokoban_basic,jax_h200_ordinary,256,303840.69975947955,297405.08403623966,305681.2192331944,12.247133509954438,1727584,plateau
sokoban_basic,jax_h200_ordinary,1024,1147947.74161354,1084471.8415139725,1175627.7964079042,12.590016873087734,6642272,plateau
sokoban_basic,jax_h200_ordinary,4096,3207384.0749332677,3053811.693945493,3370206.7081389152,12.758733128895983,28103520,plateau
sokoban_basic,jax_h200_ordinary,16384,6259157.276508794,6253020.193133889,6452318.067915893,11.890589450020343,112363104,plateau
sokoban_basic,jax_h200_ordinary,32768,7399046.983497631,7396078.1009667115,7463823.857981252,11.869485194096342,224741216,plateau
sokoban_basic,jax_h200_ordinary,65536,8167361.501716302,8163920.847202344,8169403.103932975,12.709719222038984,449466208,plateau
sokoban_basic,jax_h200_ordinary,131072,8954649.621272476,8952836.741922634,8956143.27685396,14.46143127209507,898912608,plateau
sokoban_basic,jax_h200_ordinary,262144,9278362.100874394,9277984.959118439,9278655.34154935,17.984411193057895,1797804384,plateau
sokoban_basic,jax_h200_ordinary,524288,9399910.206192965,9399610.68896124,9401659.617956737,25.796551309991628,3595588704,plateau
sokoban_basic,jax_h200_ordinary,1048576,9560740.673560046,9558674.697626688,9561068.631393522,40.09541200497188,7191155808,plateau
notsnake,cpp_cpu,1,13657.014742367126,13651.469421157117,13678.73062736855,,,regression
notsnake,cpp_cpu,2,27514.238172541507,27500.349650879794,27547.380906692175,,,regression
notsnake,cpp_cpu,4,54752.82537948599,54728.79358420235,54901.0489194338,,,regression
notsnake,cpp_cpu,8,108425.97945631391,108313.81339631813,109305.55916375516,,,regression
notsnake,cpp_cpu,16,211962.08246407085,211901.07987322906,212221.55094427383,,,regression
notsnake,cpp_cpu,32,477844.05704546673,453568.41973235994,535016.3600979297,,,regression
notsnake,cpp_cpu,64,850180.698623246,830266.4476769881,855596.953195054,,,regression
notsnake,cpp_cpu,128,1174900.1786470525,1143742.8159522049,1195511.7990884676,,,regression
notsnake,cpp_cpu,256,1507964.585296158,1191622.5235712256,1528151.8702768863,,,regression
notsnake,cpp_cpu,512,1726004.3163245975,1655354.311897191,1726803.4371238805,,,regression
notsnake,cpp_cpu,1024,1722125.4010042883,1654285.8501332472,1825409.9554730856,,,regression
notsnake,cpp_cpu,2048,1746176.9535825017,1478544.4528274809,1820749.3879746892,,,regression
notsnake,cpp_cpu,4096,1536811.1368834665,1431413.2731147155,1652140.8822595957,,,regression
notsnake,jax_h200_ordinary,1,1869.1569597006842,1868.2565133602166,1869.325688032553,16.05220338399522,23648,plateau
notsnake,jax_h200_ordinary,16,18438.628253038874,18425.43632747447,18445.17669103639,16.220151592046022,140128,plateau
notsnake,jax_h200_ordinary,256,261289.0977484392,257469.57173322633,261936.4413446522,15.918491446878761,1681248,plateau
notsnake,jax_h200_ordinary,1024,1014904.6075457309,1014575.1033247769,1016222.6236532816,15.250990584958345,6674272,plateau
notsnake,jax_h200_ordinary,4096,3099154.6687734025,3098957.805443321,3106841.0982228057,15.109581867000088,29251424,plateau
notsnake,jax_h200_ordinary,16384,7076286.076118787,7073902.114660498,7079886.291643002,14.280096631962806,116923744,plateau
notsnake,jax_h200_ordinary,32768,8715236.430314634,8684696.67060732,8722318.258804113,14.473339307121933,233862496,plateau
notsnake,jax_h200_ordinary,65536,9828465.663136343,9819232.079371588,9829768.407967541,14.856120012002066,467696992,plateau
notsnake,jax_h200_ordinary,131072,10707071.299695803,10706509.878576392,10710895.492495414,15.631178579991683,935364448,plateau
notsnake,jax_h200_ordinary,262144,11156801.656268734,11152196.505501498,11157035.714527817,17.747002850053832,1870694240,plateau
notsnake,jax_h200_ordinary,524288,11373395.116097199,11372802.833371786,11377420.90499295,22.605395045131445,3741354592,plateau
notsnake,jax_h200_ordinary,1048576,11537635.488169534,11535106.961364463,11540906.440315269,31.71220875205472,7482673760,plateau
Zen_Puzzle_Garden,cpp_cpu,1,8365.909275089762,8317.203972178451,8417.591213320953,,,regression
Zen_Puzzle_Garden,cpp_cpu,2,16515.050209487952,16108.583435716444,16535.575639040533,,,regression
Zen_Puzzle_Garden,cpp_cpu,4,32590.055986910047,32564.200655014436,32845.00132072323,,,regression
Zen_Puzzle_Garden,cpp_cpu,8,64993.72290535575,64962.94624484146,65103.46882896755,,,regression
Zen_Puzzle_Garden,cpp_cpu,16,128285.22382397017,127091.12860596461,129251.68759905861,,,regression
Zen_Puzzle_Garden,cpp_cpu,32,328618.00596624607,255305.11690609087,331041.1212736005,,,regression
Zen_Puzzle_Garden,cpp_cpu,64,367609.40975986875,357058.56291355356,386966.89153188135,,,regression
Zen_Puzzle_Garden,cpp_cpu,128,437245.98554608505,428032.3506722844,509702.0411081683,,,regression
Zen_Puzzle_Garden,cpp_cpu,256,361619.2389635699,336503.0991549531,458987.5549506029,,,regression
Zen_Puzzle_Garden,cpp_cpu,512,450436.5020605972,422735.719087269,463723.5410353078,,,regression
Zen_Puzzle_Garden,cpp_cpu,1024,485420.5009959867,482143.3986632557,487327.7110992674,,,regression
Zen_Puzzle_Garden,cpp_cpu,2048,493280.8092896064,459951.10755787476,526023.1989211161,,,regression
Zen_Puzzle_Garden,cpp_cpu,4096,379262.642256114,379237.307679719,387521.6185613272,,,regression
Zen_Puzzle_Garden,jax_h200_ordinary,1,2895.9014265266323,2885.5446498855995,2908.269887779096,8.596288410946727,31072,plateau
Zen_Puzzle_Garden,jax_h200_ordinary,16,37626.985121339785,37515.2870811741,37733.96071716986,8.607802168931812,329568,plateau
Zen_Puzzle_Garden,jax_h200_ordinary,256,561987.7038677005,561560.3515760665,562134.1081332333,8.882298625074327,5101408,plateau
Zen_Puzzle_Garden,jax_h200_ordinary,1024,1642142.6424855168,1642113.3041059673,1644157.9946239816,9.29827936901711,25709152,plateau
Zen_Puzzle_Garden,jax_h200_ordinary,4096,3286190.16824404,3284963.132059566,3289498.833569924,9.919807884842157,102814560,plateau
Zen_Puzzle_Garden,jax_h200_ordinary,16384,4557420.936916861,4556889.612261389,4559476.078201439,6.797314678085968,411120992,plateau
Zen_Puzzle_Garden,jax_h200_ordinary,32768,4734454.06813379,4733173.134367497,4735655.536521306,7.160731297917664,822424928,plateau
Zen_Puzzle_Garden,jax_h200_ordinary,65536,5019676.190879037,5018872.018789057,5020159.488284734,7.15582410315983,1644639584,plateau
Zen_Puzzle_Garden,jax_h200_ordinary,131072,5055535.098252642,5051912.0446369145,5056431.936012822,7.1684052150230855,3289266016,plateau
Zen_Puzzle_Garden,jax_h200_ordinary,262144,5110070.104666897,5109476.343725525,5110203.578077198,7.143421124201268,6578517856,plateau
Slidings,cpp_cpu,1,12959.283760259987,12958.375086873366,12995.771853494467,,,regression
Slidings,cpp_cpu,2,25110.226819044285,25109.24455458127,25149.816613284707,,,regression
Slidings,cpp_cpu,4,48213.39028706815,48079.95406857348,48229.924443716416,,,regression
Slidings,cpp_cpu,8,93037.00824183766,92964.3993033301,93192.13927454503,,,regression
Slidings,cpp_cpu,16,196200.3709352012,195330.3379973488,196336.84563622493,,,regression
Slidings,cpp_cpu,32,434883.0065299152,430473.5043352376,444340.4050477274,,,regression
Slidings,cpp_cpu,64,591822.1538149911,252776.05818778492,644260.7177224047,,,regression
Slidings,cpp_cpu,128,830354.3307440549,623959.5833821374,846617.8116832669,,,regression
Slidings,cpp_cpu,256,933627.0196325378,863181.2369197435,941650.349846597,,,regression
Slidings,cpp_cpu,512,1059894.7953247672,1044312.8829899824,1077641.2013344537,,,regression
Slidings,cpp_cpu,1024,1062342.3716305431,975130.2707725872,1094400.7979376472,,,regression
Slidings,cpp_cpu,2048,1006557.078104552,977921.8513032674,1023009.0851326969,,,regression
Slidings,cpp_cpu,4096,770074.2787275702,752467.0256976577,931448.987576275,,,regression
Slidings,jax_h200_ordinary,1,615.0397552941116,612.6500696449541,615.3179993638754,68.96428480092436,69728,plateau
Slidings,jax_h200_ordinary,16,4679.634539414582,4675.189684109342,4687.57564178945,56.03576851799153,176992,plateau
Slidings,jax_h200_ordinary,256,62794.411993796144,62752.231498032095,62804.847638033425,54.041620317148045,1811040,plateau
Slidings,jax_h200_ordinary,1024,234697.9541344351,234519.8174974776,234707.87154113167,55.73006718815304,7081056,plateau
Slidings,jax_h200_ordinary,4096,725285.1653313978,723617.7279119542,725448.0966335207,51.982803418068215,28106592,plateau
Slidings,jax_h200_ordinary,16384,1508582.687975689,1508138.7780693248,1511218.2754601866,58.28934199386276,112205664,plateau
Slidings,jax_h200_ordinary,32768,1818970.7184401497,1818735.6766389962,1819110.5976900042,76.15073417592794,224408744,plateau
Slidings,jax_h200_ordinary,65536,2072299.037638486,2072205.6825462228,2073350.325038511,81.08683001506142,448739496,plateau
Slidings,jax_h200_ordinary,131072,2221850.624375034,2221675.764173265,2222898.2716891025,110.4340645079501,897402536,plateau
Slidings,jax_h200_ordinary,262144,2288815.034186298,2288757.4526940915,2289043.785381479,175.33076420309953,1794725544,plateau
Slidings,jax_h200_ordinary,524288,2339469.4973998507,2339142.774971536,2339527.5682390253,124.0098503769841,3589364136,plateau
Slidings,jax_h200_ordinary,1048576,2359643.15467246,2359137.0269759987,2359752.3772195624,164.01305999304168,7178640296,plateau
limerick,cpp_cpu,1,5560.533502158993,5558.75327792923,5561.670268878076,,,plateau
limerick,cpp_cpu,2,11108.980488130177,11103.405218551465,11109.505761365788,,,plateau
limerick,cpp_cpu,4,22078.37264077812,22062.556329037514,22078.45853363934,,,plateau
limerick,cpp_cpu,8,43740.18762127174,43728.92235639089,43813.23247305564,,,plateau
limerick,cpp_cpu,16,86355.68589939026,86000.60612084794,86418.41591936283,,,plateau
limerick,cpp_cpu,32,174415.27879688411,173818.65401744674,179865.7877177217,,,plateau
limerick,cpp_cpu,64,213199.98657251793,212980.88964208277,213517.9277069771,,,plateau
limerick,cpp_cpu,128,213270.44063460978,213161.69571792363,216471.06180399825,,,plateau
limerick,cpp_cpu,256,225067.45069689152,220533.33670939325,225593.1121355016,,,plateau
limerick,cpp_cpu,512,218648.4205927845,215168.41725656958,219190.52973598384,,,plateau
limerick,cpp_cpu,1024,211643.62882457263,208577.46049332374,212268.95724490093,,,plateau
limerick,cpp_cpu,2048,213558.3218959931,212480.05226208066,213768.5084097761,,,plateau
limerick,cpp_cpu,4096,204875.15268972164,201273.49432250363,206497.07793028658,,,plateau
limerick,jax_h200_ordinary,1,703.7594623535641,702.6717119996184,703.9759896254511,62.40126803610474,123832,plateau
limerick,jax_h200_ordinary,16,12730.144247894781,12717.377743436164,12734.559031004474,42.41056738514453,1337696,plateau
limerick,jax_h200_ordinary,256,150418.62782098277,148834.569996466,153184.18910571642,44.7326034179423,21376352,plateau
limerick,jax_h200_ordinary,1024,324216.1524241521,302367.12462224875,329740.97617778974,46.30929705989547,84149088,plateau
limerick,jax_h200_ordinary,4096,416076.55367217667,372282.2919728307,431465.2046938387,49.15778880100697,337630680,plateau
limerick,jax_h200_ordinary,16384,423555.6881006534,379508.5025177097,464099.16046143806,45.00149622396566,1350335448,plateau
limerick,jax_h200_ordinary,32768,426135.41917679453,383772.3651068091,469561.9932375463,43.64162052003667,2700640728,plateau
kettle,cpp_cpu,1,5890.891271341648,5888.245689108886,5891.261350743325,,,plateau
kettle,cpp_cpu,2,11406.425538125633,11309.10646414384,11466.362222277734,,,plateau
kettle,cpp_cpu,4,22337.183461653516,22325.72727907313,22711.186410615675,,,plateau
kettle,cpp_cpu,8,44607.657511616984,44480.29838559998,45162.532263853995,,,plateau
kettle,cpp_cpu,16,87071.75595083232,86336.30169098773,89182.4521156286,,,plateau
kettle,cpp_cpu,32,198053.69224869818,197735.19969844577,198787.55584222524,,,plateau
kettle,cpp_cpu,64,231206.80689865534,226693.31741805695,240855.5397476353,,,plateau
kettle,cpp_cpu,128,242034.0508295805,236169.60480228017,247539.96010873254,,,plateau
kettle,cpp_cpu,256,244600.4989254599,114175.86715835768,245340.46107542375,,,plateau
kettle,cpp_cpu,512,257066.75892011987,249330.44491682257,264460.8496144647,,,plateau
kettle,cpp_cpu,1024,135662.48577971128,128599.05176050427,136698.68294281902,,,plateau
kettle,cpp_cpu,2048,153687.5127335642,153281.79734224107,155074.7731162294,,,plateau
kettle,cpp_cpu,4096,252688.1657864306,248149.00522719955,253290.4652702672,,,plateau
kettle,cpp_cpu,8192,235503.75581969382,234545.04807842392,241191.11980102642,,,plateau
kettle,cpp_cpu,16384,253168.3724796594,235118.31049803994,255553.93804856236,,,plateau
kettle,jax_h200_ordinary,1,526.583154370442,525.1887907739697,527.6225271353675,42.613307730993256,69864,plateau
kettle,jax_h200_ordinary,16,5134.2751482222275,5133.485767007575,5173.692051359498,28.6064475690946,649584,plateau
kettle,jax_h200_ordinary,256,59377.14146268468,59372.267225282856,59479.387655452556,54.157916265074164,8458096,plateau
kettle,jax_h200_ordinary,1024,178629.5329784515,178435.57554016472,179178.45371031435,31.848805690184236,33700976,plateau
kettle,jax_h200_ordinary,4096,351712.49990898895,351690.97242536856,352005.0974140264,27.65845602704212,156078336,plateau
kettle,jax_h200_ordinary,16384,434520.14263057563,434486.7289851831,434660.8130552062,29.488056499045342,576153864,plateau
kettle,jax_h200_ordinary,32768,456948.9696974677,456683.0922704657,457033.1590433469,27.73432372091338,1076915976,plateau
kettle,jax_h200_ordinary,65536,472231.8965971338,472199.1489104651,472313.3319643428,29.975679801078513,2153772808,plateau
kettle,jax_h200_ordinary,131072,479415.41970836435,479398.15367478604,479422.6275067607,33.61974489688873,4308530952,plateau
kettle,jax_h200_ordinary,262144,483817.62093547004,483815.41986834817,483831.41105451196,42.84180082799867,8617260808,plateau
Take_Heart_Lass,cpp_cpu,1,10433.975730116537,10363.91089237791,10476.370675552005,,,plateau
Take_Heart_Lass,cpp_cpu,2,20694.597506932583,20693.081015107316,20790.82644012389,,,plateau
Take_Heart_Lass,cpp_cpu,4,40825.96504761285,40791.38758940078,40855.990408572754,,,plateau
Take_Heart_Lass,cpp_cpu,8,80710.50742975288,80268.94558896976,81094.77748526288,,,plateau
Take_Heart_Lass,cpp_cpu,16,155304.47098904554,154793.209113236,157915.52795431582,,,plateau
Take_Heart_Lass,cpp_cpu,32,334350.53387656604,333625.4889065767,344773.1041668891,,,plateau
Take_Heart_Lass,cpp_cpu,64,430798.278900127,408743.5426177273,436513.4098423344,,,plateau
Take_Heart_Lass,cpp_cpu,128,506240.7371015552,489427.14463949983,507332.5821919002,,,plateau
Take_Heart_Lass,cpp_cpu,256,566240.5718084536,389128.094650807,571303.2708691475,,,plateau
Take_Heart_Lass,cpp_cpu,512,409522.5305240601,225274.1664718614,561598.350627349,,,plateau
Take_Heart_Lass,cpp_cpu,1024,527333.1040634426,517840.19384943665,559108.4457830315,,,plateau
Take_Heart_Lass,cpp_cpu,2048,502507.06683410873,502385.7899331241,505133.69956326083,,,plateau
Take_Heart_Lass,cpp_cpu,4096,485123.9891558044,480144.9615349873,488336.0785537059,,,plateau
Take_Heart_Lass,jax_h200_ordinary,1,343.9584966857027,341.91134130506197,344.0737226723012,140.8327202720102,192536,plateau
Take_Heart_Lass,jax_h200_ordinary,16,5326.440481750774,5325.9885742691795,5344.58669277943,122.20912401517853,444808,plateau
Take_Heart_Lass,jax_h200_ordinary,256,76939.98546049086,76843.89283225437,76983.40988065126,121.66088556312025,4121224,plateau
Take_Heart_Lass,jax_h200_ordinary,1024,269764.08164250106,266425.9097928035,269883.4113049948,114.76152284420095,17088904,plateau
Take_Heart_Lass,jax_h200_ordinary,4096,837903.0619116529,837380.1289499687,838634.4303031908,117.17907747090794,67149960,plateau
Take_Heart_Lass,jax_h200_ordinary,16384,1800500.676608451,1798451.1219136254,1800777.2773938694,141.750334686134,268095792,plateau
Take_Heart_Lass,jax_h200_ordinary,32768,2219671.8318435336,2217219.668345117,2222267.9979035673,176.23296373686753,536004920,plateau
Take_Heart_Lass,jax_h200_ordinary,65536,2543345.5058525493,2543110.8145780303,2544703.3941511624,190.97561466507614,1071776056,plateau
Take_Heart_Lass,jax_h200_ordinary,131072,2712722.4434295287,2694511.682051707,2714672.4146062154,282.6228853550274,2143290680,plateau
Take_Heart_Lass,jax_h200_ordinary,262144,2796716.778396446,2611596.4149573836,2800942.213799802,167.43119243416004,4286317880,plateau
Take_Heart_Lass,jax_h200_ordinary,524288,2864143.520415617,2676063.4073849274,2864260.3951912047,208.26784525508992,8584970296,plateau
Take_Heart_Lass,jax_h200_ordinary,1048576,2880508.4875242556,2674701.1924542543,2880634.300997264,309.81922870408744,17165472312,plateau
atlas shrank,cpp_cpu,1,5414.1089464910965,5380.519759029532,5419.921098108493,,,plateau
atlas shrank,cpp_cpu,2,9844.916179887518,9744.456522287985,9930.004343766086,,,plateau
atlas shrank,cpp_cpu,4,18502.166507760205,18453.46104631438,18561.14441031223,,,plateau
atlas shrank,cpp_cpu,8,32241.744438099842,32179.304913809334,32481.574918882114,,,plateau
atlas shrank,cpp_cpu,16,57633.44184173116,56962.24695730596,57991.36178809532,,,plateau
atlas shrank,cpp_cpu,32,127523.97124721951,118909.00893204204,130297.88753918512,,,plateau
atlas shrank,cpp_cpu,64,121163.0271099048,93983.43184208628,142442.00084446033,,,plateau
atlas shrank,cpp_cpu,128,167746.31003152052,148099.52134309875,171626.37038281714,,,plateau
atlas shrank,cpp_cpu,256,166357.69114052973,146763.26705293977,166826.1607697649,,,plateau
atlas shrank,cpp_cpu,512,162824.90841532662,160654.32333409775,163207.4351147686,,,plateau
atlas shrank,cpp_cpu,1024,159866.21835157074,148760.66584780932,161525.5298361838,,,plateau
atlas shrank,cpp_cpu,2048,172812.0544367083,172151.15114801252,173025.1048677232,,,plateau
atlas shrank,cpp_cpu,4096,175161.864224039,173012.53766681702,175488.25787940487,,,plateau
atlas shrank,cpp_cpu,8192,176234.66449622656,175509.16489425534,177627.717393741,,,plateau
atlas shrank,jax_h200_ordinary,1,83.12454145790439,82.53457846099867,83.12566563520289,148.27118465094827,314104,regression
atlas shrank,jax_h200_ordinary,16,595.8121484169952,590.72106609987,605.9213141867422,148.56006988603622,1394016,regression
atlas shrank,jax_h200_ordinary,256,7532.023571612179,7489.381345073346,7536.787526347666,160.98447510111146,14005088,regression
atlas shrank,jax_h200_ordinary,1024,23413.733438257386,23389.416416878306,23414.96516037184,168.35024240496568,54666848,regression
atlas shrank,jax_h200_ordinary,4096,50941.52800419783,50848.90112027964,51048.230738408136,231.3758352699224,217253904,regression
atlas shrank,jax_h200_ordinary,16384,40083.77540088104,40081.741931432734,40086.569879725066,292.2578391949646,867656464,regression
blocks,cpp_cpu,1,8018.042657694702,8008.731299837363,8026.939515702835,,,plateau
blocks,cpp_cpu,2,15892.175671237774,15877.439142195888,15923.448936005949,,,plateau
blocks,cpp_cpu,4,31893.726460542704,31702.20154991007,31908.32157533066,,,plateau
blocks,cpp_cpu,8,62953.51494649482,62854.56090215758,63036.33980637766,,,plateau
blocks,cpp_cpu,16,123451.67030790327,122703.46874095626,123870.77167297438,,,plateau
blocks,cpp_cpu,32,288776.0931364082,286284.692976001,291744.6686430114,,,plateau
blocks,cpp_cpu,64,362845.1199019001,359790.3604978171,363070.83303834486,,,plateau
blocks,cpp_cpu,128,416431.07450276497,413603.8715832055,425556.6073615909,,,plateau
blocks,cpp_cpu,256,447159.6911099884,444141.2175333578,451177.10051310295,,,plateau
blocks,cpp_cpu,512,463911.0816101381,462762.225903929,465631.4784454078,,,plateau
blocks,cpp_cpu,1024,472572.820219779,462530.6272494284,474835.58976504544,,,plateau
blocks,cpp_cpu,2048,480644.55566380156,477238.0259515431,492645.95916029246,,,plateau
blocks,cpp_cpu,4096,482463.88915047975,478665.99942739616,488923.9748339284,,,plateau
blocks,jax_h200_ordinary,1,3436.476874882981,3426.9732528913405,3447.483454475033,4.1971569519955665,25184,plateau
blocks,jax_h200_ordinary,16,28133.812350568198,27977.223050798933,28443.260983858938,4.063183450140059,291424,plateau
blocks,jax_h200_ordinary,256,321216.6000096928,317709.4065498972,324721.95597088546,4.589149711886421,4550240,plateau
blocks,jax_h200_ordinary,1024,907963.8042352059,896227.2007507525,922292.2497032675,5.003388152923435,23484256,plateau
blocks,jax_h200_ordinary,4096,1929278.9636865254,1926048.9464445221,1929578.4245895415,4.911352052818984,93923424,plateau
blocks,jax_h200_ordinary,16384,2835459.694781481,2814871.8312086486,2848302.3656543535,4.680042662890628,375708000,plateau
blocks,jax_h200_ordinary,32768,3172094.999696667,3085756.7539349743,3193116.8347022017,5.057583565125242,751443296,plateau
blocks,jax_h200_ordinary,65536,3296783.2306667552,3182159.8127697706,3309537.827603872,4.804563578916714,1502879072,plateau
blocks,jax_h200_ordinary,131072,3252956.4093226083,3227795.551377265,3290680.41422741,4.798869404010475,3005751136,plateau
blocks,jax_h200_ordinary,262144,3145889.281178603,3141619.969127065,3154776.450192724,5.025026791030541,6011494240,plateau
nekopuzzle,cpp_cpu,1,12573.02855834921,12538.17178693108,12574.528188750255,,,plateau
nekopuzzle,cpp_cpu,2,24511.334972228648,24470.370860199328,24514.068312561012,,,plateau
nekopuzzle,cpp_cpu,4,46948.73462588305,46889.794645284856,46953.953438850214,,,plateau
nekopuzzle,cpp_cpu,8,86649.19278409563,86555.26867040583,86899.66534775103,,,plateau
nekopuzzle,cpp_cpu,16,155834.70496052701,155469.23939549335,156261.84685991512,,,plateau
nekopuzzle,cpp_cpu,32,337854.2512407359,325995.5070429885,349061.1301467626,,,plateau
nekopuzzle,cpp_cpu,64,488326.385970657,411193.3322028223,490936.44364989735,,,plateau
nekopuzzle,cpp_cpu,128,696229.5290901441,695434.4133765682,696549.284946981,,,plateau
nekopuzzle,cpp_cpu,256,885912.691504984,882683.4698407549,888319.9544978165,,,plateau
nekopuzzle,cpp_cpu,512,1002263.7409735231,992321.7829466572,1002552.3808940247,,,plateau
nekopuzzle,cpp_cpu,1024,1088573.3596293705,1079737.1064608546,1089463.6138121716,,,plateau
nekopuzzle,cpp_cpu,2048,1133125.9449067728,1130542.1611328507,1153555.6766189265,,,plateau
nekopuzzle,cpp_cpu,4096,1102652.107783961,1101438.50632774,1108717.8554011448,,,plateau
nekopuzzle,cpp_cpu,8192,1042599.7067533244,1004995.4213560073,1051652.0775126433,,,plateau
nekopuzzle,jax_h200_ordinary,1,2454.615465824011,2448.5236946723703,2466.0159803622655,17.9423752410803,45920,plateau
nekopuzzle,jax_h200_ordinary,16,16813.51536176549,16517.940347137737,16859.312564165302,17.925093221012503,240992,plateau
nekopuzzle,jax_h200_ordinary,256,172005.146661199,171868.96825548387,172449.40839585793,17.637115570018068,3571296,plateau
nekopuzzle,jax_h200_ordinary,1024,619127.5986249769,607266.7436477975,620347.6575585176,18.421198894036934,14197600,plateau
nekopuzzle,jax_h200_ordinary,4096,1582896.255890606,1581834.7539481388,1584186.6614882057,19.69755162112415,56826208,plateau
nekopuzzle,jax_h200_ordinary,16384,2687741.1164725143,2686699.496118977,2695188.086395139,21.868912820937112,227290208,plateau
nekopuzzle,jax_h200_ordinary,32768,3052951.1862027273,3052923.434360249,3053152.0456411205,27.31443348596804,454832992,plateau
nekopuzzle,jax_h200_ordinary,65536,3294991.5876098783,3294850.9349516025,3295278.932519765,17.81705101719126,910077280,plateau
nekopuzzle,jax_h200_ordinary,131072,3422549.5390326628,3422541.8265762217,3422877.7150862217,18.16926463902928,1820638560,plateau
nekopuzzle,jax_h200_ordinary,262144,3456127.100456048,3456047.628149933,3456400.7874097554,18.578184578800574,3641228640,plateau
nekopuzzle,jax_h200_ordinary,524288,3512365.6935373107,3511604.911850039,3512520.2673432534,20.466637920821086,7279790176,plateau
sokoban_match3,cpp_cpu,1,11787.202527713613,11764.284570975587,11794.287448873969,,,plateau
sokoban_match3,cpp_cpu,2,23419.425987166804,23353.53881309624,23506.130808998587,,,plateau
sokoban_match3,cpp_cpu,4,46416.434780856995,46294.82278392293,46512.19933202472,,,plateau
sokoban_match3,cpp_cpu,8,91336.15929916447,91252.7521359723,91719.19755892419,,,plateau
sokoban_match3,cpp_cpu,16,178340.9346829538,178323.11154561248,178563.8226348998,,,plateau
sokoban_match3,cpp_cpu,32,432706.2449592458,417524.2225192602,438482.960031858,,,plateau
sokoban_match3,cpp_cpu,64,606984.1221566614,603137.5391906345,612989.8893006046,,,plateau
sokoban_match3,cpp_cpu,128,759148.2841096527,742421.5782715145,759579.9236368769,,,plateau
sokoban_match3,cpp_cpu,256,868221.624050478,865103.0875489858,880972.28615972,,,plateau
sokoban_match3,cpp_cpu,512,921829.9703196526,908529.1064990436,921971.2401815085,,,plateau
sokoban_match3,cpp_cpu,1024,961875.631676162,960303.1620793629,965259.1395124013,,,plateau
sokoban_match3,cpp_cpu,2048,977474.3987324741,970259.6267961184,992387.7290113546,,,plateau
sokoban_match3,cpp_cpu,4096,938238.3612706673,897469.3625512312,955288.8309788507,,,plateau
sokoban_match3,jax_h200_ordinary,1,1955.0523845486018,1954.8057175605936,1956.4937504706052,21.605355383828282,29024,plateau
sokoban_match3,jax_h200_ordinary,16,22821.70131064788,22741.024734895476,23361.227549633037,20.801802115049213,200544,plateau
sokoban_match3,jax_h200_ordinary,256,222473.23245874376,219831.66374453262,229267.48027215377,21.19122525001876,2511712,plateau
sokoban_match3,jax_h200_ordinary,1024,760966.1465061278,746054.3385499176,773832.8720259621,21.55265237390995,10532704,plateau
sokoban_match3,jax_h200_ordinary,4096,2020776.2832477733,1985600.6517974471,2048715.737529598,21.12718317308463,42058592,plateau
sokoban_match3,jax_h200_ordinary,16384,3651706.7866902105,3645268.3633964392,3664392.7840616405,19.49198237899691,168179040,plateau
sokoban_match3,jax_h200_ordinary,32768,4207915.33732207,4192989.829388525,4221733.372389593,20.732546183047816,336328032,plateau
sokoban_match3,jax_h200_ordinary,65536,4648473.049647772,4628242.765912059,4665522.863588684,21.587882932974026,672628064,plateau
sokoban_match3,jax_h200_ordinary,131072,4854148.590859772,4836781.301521679,4896126.686184822,23.257151748985052,1345226592,plateau
sokoban_match3,jax_h200_ordinary,262144,4963636.621451342,4951543.769296564,5018435.998353844,27.423294035019353,2690418528,plateau
sokoban_match3,jax_h200_ordinary,524288,5029539.8808602365,5027842.403232494,5075851.167480023,36.266605938086286,5380803168,plateau
Travelling_salesman,cpp_cpu,1,14955.013417176126,14896.673857820484,14980.137560550003,,,regression
Travelling_salesman,cpp_cpu,2,30109.53059945743,30050.557975452786,30154.527155889726,,,regression
Travelling_salesman,cpp_cpu,4,59042.023218134185,58934.56473033281,59164.137902822826,,,regression
Travelling_salesman,cpp_cpu,8,116736.59253582012,115698.8437936588,116862.35376449295,,,regression
Travelling_salesman,cpp_cpu,16,222800.1071664638,221715.47147482928,222938.70034984793,,,regression
Travelling_salesman,cpp_cpu,32,483315.28023259214,472043.2594609104,485668.49380949535,,,regression
Travelling_salesman,cpp_cpu,64,728800.3775537107,726307.2862957708,737049.6930580803,,,regression
Travelling_salesman,cpp_cpu,128,1015859.4238531286,1013521.6907534762,1018133.5942493385,,,regression
Travelling_salesman,cpp_cpu,256,1272455.5391446468,1258320.5382840347,1289847.0272572355,,,regression
Travelling_salesman,cpp_cpu,512,1463325.6380245253,1453327.5280718578,1474219.001727104,,,regression
Travelling_salesman,cpp_cpu,1024,1632817.5720498567,1622816.8256592152,1639147.6066044413,,,regression
Travelling_salesman,cpp_cpu,2048,1626188.934202311,1623027.7731228676,1629114.183273689,,,regression
Travelling_salesman,cpp_cpu,4096,1162676.9296020311,1136659.7660683831,1187449.1160900996,,,regression
Travelling_salesman,jax_h200_ordinary,1,1695.72999326728,1694.8302105337907,1695.7679765849316,35.766290756175295,39776,plateau
Travelling_salesman,jax_h200_ordinary,16,22015.44055107012,21950.07645529152,22060.086464142,28.289836595999077,131424,plateau
Travelling_salesman,jax_h200_ordinary,256,294877.379904418,287519.5229185533,295986.2340414666,27.024705867050216,1531488,plateau
Travelling_salesman,jax_h200_ordinary,1024,1141009.4956083882,988449.5899959855,1143605.4783968488,27.010148094967008,6059360,plateau
Travelling_salesman,jax_h200_ordinary,4096,3635092.4511199966,2881427.72900202,3908934.382854525,26.32318187900819,24130144,plateau
Travelling_salesman,jax_h200_ordinary,16384,7490315.313836565,6360716.536257387,8487484.162006658,27.83391179284081,96420448,plateau
Travelling_salesman,jax_h200_ordinary,32768,9386452.184100267,8286706.15469366,11054506.024103865,30.91242956300266,192852576,plateau
Travelling_salesman,jax_h200_ordinary,65536,10505965.814372186,9854289.884103658,13315301.165471483,37.10854622395709,385725032,plateau
Travelling_salesman,jax_h200_ordinary,131072,11227117.723114666,11031662.239910688,12942715.162539944,50.38900295388885,771404904,plateau
Travelling_salesman,jax_h200_ordinary,262144,11825115.966226056,11758919.243963836,13460612.181127544,77.73394062090665,1542763624,plateau
Travelling_salesman,jax_h200_ordinary,524288,12130772.947931955,12123216.504726239,13117602.878880732,135.31552542489953,3085485928,plateau
Travelling_salesman,jax_h200_ordinary,1048576,12278443.114578493,12276009.898907168,12690045.04912404,72.99923405307345,6171969128,plateau
Multi-word_Dictionary_Game,cpp_cpu,1,11795.846578013956,11786.44400407332,11801.626408065928,,,plateau
Multi-word_Dictionary_Game,cpp_cpu,2,23457.70236130274,23453.326657415477,23511.19135975192,,,plateau
Multi-word_Dictionary_Game,cpp_cpu,4,46140.54326991898,46076.76831259843,46193.37071232557,,,plateau
Multi-word_Dictionary_Game,cpp_cpu,8,89530.38609815443,88807.83814229543,89751.93554709585,,,plateau
Multi-word_Dictionary_Game,cpp_cpu,16,173312.89101745727,171831.62623502838,175246.8534214291,,,plateau
Multi-word_Dictionary_Game,cpp_cpu,32,404513.66730788705,404098.43086700555,412635.8596767501,,,plateau
Multi-word_Dictionary_Game,cpp_cpu,64,598101.9755618825,588002.0044244237,598186.4222834844,,,plateau
Multi-word_Dictionary_Game,cpp_cpu,128,742913.101380951,648847.8588990653,745156.1417186736,,,plateau
Multi-word_Dictionary_Game,cpp_cpu,256,758241.7543588061,744189.8895965533,866476.7859619604,,,plateau
Multi-word_Dictionary_Game,cpp_cpu,512,863745.924235444,825235.8706897662,876723.9965344133,,,plateau
Multi-word_Dictionary_Game,cpp_cpu,1024,916643.2133337922,916550.8016237757,917967.1392913199,,,plateau
Multi-word_Dictionary_Game,cpp_cpu,2048,930718.2662274219,930259.0812047942,931622.4704183973,,,plateau
Multi-word_Dictionary_Game,cpp_cpu,4096,896553.6534421672,887567.3625534236,900144.953549921,,,plateau
Multi-word_Dictionary_Game,jax_h200_ordinary,1,1435.911648552086,1431.576224858635,1444.3805841839878,26.436568947974592,50016,plateau
Multi-word_Dictionary_Game,jax_h200_ordinary,16,13199.197506409371,12897.508132574518,13252.744933001366,22.661782894982025,213088,plateau
Multi-word_Dictionary_Game,jax_h200_ordinary,256,131095.89498036206,130734.93636847174,131474.63681218182,20.79214824317023,2951008,plateau
Multi-word_Dictionary_Game,jax_h200_ordinary,1024,452432.9072938679,452404.8114061605,452970.4473406434,21.227399445837364,10948192,plateau
Multi-word_Dictionary_Game,jax_h200_ordinary,4096,1306982.1479304833,1304025.844600943,1310339.502090988,21.536859441082925,43772512,plateau
Multi-word_Dictionary_Game,jax_h200_ordinary,16384,2376415.738686264,2361860.4012249555,2388995.824242692,20.997887966921553,182531176,plateau
Multi-word_Dictionary_Game,jax_h200_ordinary,32768,2676164.0060298424,2669628.5554088396,2695069.244492415,22.569744386943057,365016168,plateau
Multi-word_Dictionary_Game,jax_h200_ordinary,65536,2894925.876677521,2893139.0026917225,2912943.2325931448,24.995203305967152,733657192,plateau
Multi-word_Dictionary_Game,jax_h200_ordinary,131072,3033332.461557869,3028322.4661353314,3037816.442406189,29.759625628823414,1400423016,plateau
Multi-word_Dictionary_Game,jax_h200_ordinary,262144,3122765.3833375713,3122069.9854957853,3123829.5752944397,39.83870741701685,2800796264,plateau
Multi-word_Dictionary_Game,jax_h200_ordinary,524288,3188907.109066861,3187960.1621365333,3189382.151865866,61.2409434649162,5602068840,plateau
Microban,cpp_cpu,1,13605.345509299876,13597.430801891309,13613.050797737824,,,plateau
Microban,cpp_cpu,2,27538.5135873637,27474.8008547301,27557.94650647581,,,plateau
Microban,cpp_cpu,4,54535.10887083495,54420.572768181,54548.868405780304,,,plateau
Microban,cpp_cpu,8,106764.16611932732,106589.51304079886,106918.6703734876,,,plateau
Microban,cpp_cpu,16,210142.1268359878,203216.51166474752,210442.40627248905,,,plateau
Microban,cpp_cpu,32,506358.8361910797,502286.77701436885,535007.0682651843,,,plateau
Microban,cpp_cpu,64,758367.7305452145,755053.3775381336,763456.2605334325,,,plateau
Microban,cpp_cpu,128,1016497.9033979423,1016209.1433492805,1017296.1911204999,,,plateau
Microban,cpp_cpu,256,1229879.1084418187,1226084.2258834739,1232930.0456862191,,,plateau
Microban,cpp_cpu,512,1353076.1498232146,1335522.2318627674,1353683.323861549,,,plateau
Microban,cpp_cpu,1024,1433677.661524997,1433042.3457592886,1433695.9445310666,,,plateau
Microban,cpp_cpu,2048,1477678.425465956,1474984.3327680784,1478338.0028680933,,,plateau
Microban,cpp_cpu,4096,1498273.195755608,1497961.397971621,1498442.2740124913,,,plateau
Microban,cpp_cpu,8192,1453517.467670972,1451026.290871284,1455007.8599877749,,,plateau
Microban,jax_h200_ordinary,1,2976.923855721292,2976.587400550607,2977.100005107093,12.128384343814105,19552,plateau
Microban,jax_h200_ordinary,16,27822.812564232332,27644.31036969642,28166.27750047843,12.495576754910871,134240,plateau
Microban,jax_h200_ordinary,256,304627.72321068065,296400.5816905708,304836.7101072637,13.067832974018529,1727584,plateau
Microban,jax_h200_ordinary,1024,1144636.0302314386,1084204.3830616279,1171277.0305612986,13.583715108921751,6642272,plateau
Microban,jax_h200_ordinary,4096,3192428.7359913164,3039272.4237774014,3344136.189048939,13.987632109085098,28103520,plateau
Microban,jax_h200_ordinary,16384,6243996.079458613,6228951.882676503,6424068.118625576,12.313512423075736,112363104,plateau
Microban,jax_h200_ordinary,32768,7394811.781724638,7388312.8313282505,7440221.153547198,13.309587307972834,224741216,plateau
Microban,jax_h200_ordinary,65536,8174692.02958368,8174637.937948941,8177112.320382145,13.953151734080166,449466208,plateau
Microban,jax_h200_ordinary,131072,8951271.766034946,8950810.06360683,8951953.481270814,15.917530012084171,898912608,plateau
Microban,jax_h200_ordinary,262144,9267380.011444839,9266139.333077544,9270799.793059658,19.255741090979427,1797804384,plateau
Microban,jax_h200_ordinary,524288,9392774.551163837,9392199.043078821,9392970.913125731,27.564372038003057,3595588704,plateau
Microban,jax_h200_ordinary,1048576,9555941.422522316,9555258.319384629,9557323.419574583,41.96143963304348,7191155808,plateau
Magnet_Jack,cpp_cpu,1,6428.639551928404,6422.016626543735,6428.812726961719,,,plateau
Magnet_Jack,cpp_cpu,2,12742.358042036993,12734.665396315957,12761.402385294996,,,plateau
Magnet_Jack,cpp_cpu,4,24953.61239772671,24914.95284827543,25023.954754909686,,,plateau
Magnet_Jack,cpp_cpu,8,48461.43723811782,48030.82899958878,48476.64407075767,,,plateau
Magnet_Jack,cpp_cpu,16,90148.46492027858,89650.45905045416,90305.30712165512,,,plateau
Magnet_Jack,cpp_cpu,32,180102.9018370289,178760.10298647464,183439.50407165042,,,plateau
Magnet_Jack,cpp_cpu,64,185990.15948669356,180667.82914014446,192535.86326039216,,,plateau
Magnet_Jack,cpp_cpu,128,182919.57553285116,174017.29929476368,183124.2295666233,,,plateau
Magnet_Jack,cpp_cpu,256,155651.09331342773,151939.0534385792,157881.31934097188,,,plateau
Magnet_Jack,cpp_cpu,512,144099.35158939444,142919.09543274294,144392.3193900479,,,plateau
Magnet_Jack,cpp_cpu,1024,156635.33196944033,153547.11875614402,156724.37526062725,,,plateau
Magnet_Jack,cpp_cpu,2048,153344.21041235173,153044.40644659038,153637.60898448704,,,plateau
Magnet_Jack,cpp_cpu,4096,146788.30570642315,145291.20473625342,147771.49939647538,,,plateau
Magnet_Jack,jax_h200_ordinary,1,457.7789631763138,456.93175074063726,458.89237097499614,18.905071335844696,114528,plateau
Magnet_Jack,jax_h200_ordinary,16,3424.1770480590303,3399.9393809412963,3436.258459224629,18.007370778825134,1482848,plateau
Magnet_Jack,jax_h200_ordinary,256,42272.99432773504,42184.20396449348,42381.201308376454,20.883745705941692,20544096,plateau
Magnet_Jack,jax_h200_ordinary,1024,115771.24005632731,115458.8181437193,115884.5329393133,21.72573667904362,78851424,plateau
Magnet_Jack,jax_h200_ordinary,4096,178463.40264476993,178425.4971155724,178526.86993676037,26.09778878185898,327899744,plateau
Magnet_Jack,jax_h200_ordinary,16384,216491.84923051088,216475.7197982969,216500.97906195535,46.956537016900256,1311412832,plateau
Magnet_Jack,jax_h200_ordinary,32768,208584.98897134533,208548.7064000077,208591.46030487274,76.14115157094784,2622756448,plateau
Magnet_Jack,jax_h200_ordinary,65536,214089.52164519607,214086.059627126,214104.8175083742,27.199976209085435,5245443680,plateau
HyperMaze,cpp_cpu,1,2173.1315973124556,2154.2607939040277,2174.496143687279,,,plateau
HyperMaze,cpp_cpu,2,5214.974265286587,5175.368949571916,5413.049334141516,,,plateau
HyperMaze,cpp_cpu,4,9214.935735806108,9141.664185790967,9770.806394290794,,,plateau
HyperMaze,cpp_cpu,8,17164.357218853376,16537.02511562853,17487.343464242622,,,plateau
HyperMaze,cpp_cpu,16,31714.886770597197,31608.772587462772,36616.68822158462,,,plateau
HyperMaze,cpp_cpu,32,77675.77209461395,76031.07742900841,80155.30380948154,,,plateau
HyperMaze,cpp_cpu,64,79297.15225049155,78877.02495634355,79358.91726635919,,,plateau
HyperMaze,cpp_cpu,128,82237.43624037066,82167.02684085524,82767.27697078131,,,plateau
HyperMaze,cpp_cpu,256,88081.06772498738,82016.22128507818,89059.51193318095,,,plateau
HyperMaze,cpp_cpu,512,85758.27088444911,85290.34196065199,91817.51255485778,,,plateau
HyperMaze,cpp_cpu,1024,82900.08521405299,82445.24826794113,83719.50315026497,,,plateau
HyperMaze,cpp_cpu,2048,83660.55941525388,83632.36680270708,83670.14104712849,,,plateau
HyperMaze,cpp_cpu,4096,84228.79726100562,84116.01046515121,84800.50004663978,,,plateau
HyperMaze,jax_h200_ordinary,1,485.2172229318397,485.19086958846765,485.2395308728011,318.2542272990104,575400,plateau
HyperMaze,jax_h200_ordinary,16,6943.537546421638,6901.83452171992,6959.207774661838,116.63027116586454,6599776,plateau
HyperMaze,jax_h200_ordinary,256,47971.21739664036,47960.53429766334,48197.82939611891,106.70178681518883,104054368,plateau
HyperMaze,jax_h200_ordinary,1024,78269.90316734894,77230.3735706119,80194.37675632283,103.29465518915094,415943848,plateau
HyperMaze,jax_h200_ordinary,4096,92667.81376085867,92019.36570682979,95603.30923907609,110.24378909287043,1663481000,plateau
HyperMaze,jax_h200_ordinary,16384,94650.40669677555,94630.64704810006,95780.3663172408,176.5690488750115,6653674664,plateau
HyperMaze,jax_h200_ordinary,32768,95270.78086570656,95019.20779579095,96247.93748006568,94.11303547210991,13307233960,plateau
Beam_Islands,cpp_cpu,1,3271.1868239004752,3232.222623349665,3296.456174225339,,,regression
Beam_Islands,cpp_cpu,2,6264.417628302399,6241.099725868702,6299.770170899999,,,regression
Beam_Islands,cpp_cpu,4,11991.190015942246,11857.618878793772,12079.362937906311,,,regression
Beam_Islands,cpp_cpu,8,22459.633555387714,21947.397303999,22512.12024044029,,,regression
Beam_Islands,cpp_cpu,16,41619.47582777511,41313.69945537731,42439.89097472444,,,regression
Beam_Islands,cpp_cpu,32,80057.24063118115,78299.47582599802,84252.35019389713,,,regression
Beam_Islands,cpp_cpu,64,88162.89519299443,87515.32737947798,92276.49365453281,,,regression
Beam_Islands,cpp_cpu,128,91932.75348278557,90850.70719062118,92796.25973130876,,,regression
Beam_Islands,cpp_cpu,256,87231.16019779918,86847.42725839105,87437.15285717991,,,regression
Beam_Islands,cpp_cpu,512,44487.96848042276,42961.95094855671,67491.30589052461,,,regression
Beam_Islands,cpp_cpu,1024,43368.808026861334,43341.31339751865,44769.48957942822,,,regression
Beam_Islands,cpp_cpu,2048,84281.4077197663,84081.72415935344,84290.5606720884,,,regression
Beam_Islands,cpp_cpu,4096,77330.36454004269,73748.56889932074,81243.08447223625,,,regression
Beam_Islands,cpp_cpu,8192,61707.15232739888,61109.10119600419,62131.060342981364,,,regression
Beam_Islands,jax_h200_ordinary,16,264.57950575233247,264.43440599565196,265.04133139748393,249.58473491319455,3575688,timeout
Beam_Islands,jax_h200_ordinary,256,3211.3828898724455,3209.8230024332784,3214.122959895358,510.95885065500624,44801928,timeout
Beam_Islands,jax_h200_ordinary,1024,7199.8509769060865,7189.902582200489,7203.350824239551,1127.253074668115,177196424,timeout
Beam_Islands,jax_h200_ordinary,4096,11116.11728393881,11115.476237933404,11130.30617769343,521.9365738569759,706364616,timeout
Beam_Islands,jax_h200_ordinary,8192,12299.6710277036,12299.008150448595,12302.030734046333,728.73546454194,1411923144,timeout
Beam_Islands,jax_h200_ordinary,16384,13377.02139430497,13372.922479716963,13379.419192535315,1229.3334091340657,2823090376,timeout
Beam_Islands,jax_h200_ordinary,32768,13915.432813914858,13914.792772252122,13915.672581670478,363.72581237298436,5645268168,timeout
Boxes_&_Balloons,cpp_cpu,1,8277.098081076005,8276.83005671146,8281.883431517097,,,plateau
Boxes_&_Balloons,cpp_cpu,2,15969.94135349662,15948.038505100716,16051.607305310363,,,plateau
Boxes_&_Balloons,cpp_cpu,4,31932.897430722707,31902.17451631033,31980.76870564714,,,plateau
Boxes_&_Balloons,cpp_cpu,8,62625.11844475804,62491.80537770597,62777.80443845,,,plateau
Boxes_&_Balloons,cpp_cpu,16,119459.44877394095,118822.65473364964,120041.03667033276,,,plateau
Boxes_&_Balloons,cpp_cpu,32,270518.89039898326,268879.1173159719,271866.04937241424,,,plateau
Boxes_&_Balloons,cpp_cpu,64,229377.56407316506,224419.51333382755,230856.5384867857,,,plateau
Boxes_&_Balloons,cpp_cpu,128,369593.08274817566,368848.0379920666,369859.89585393696,,,plateau
Boxes_&_Balloons,cpp_cpu,256,385740.22671111434,364129.1807701343,394396.9310267289,,,plateau
Boxes_&_Balloons,cpp_cpu,512,338983.96446639637,335599.8013001588,363135.6091616504,,,plateau
Boxes_&_Balloons,cpp_cpu,1024,363219.2935397016,362932.9687674182,364644.83874650474,,,plateau
Boxes_&_Balloons,cpp_cpu,2048,354342.46800164244,330105.2427660903,355211.2015092611,,,plateau
Boxes_&_Balloons,cpp_cpu,4096,340662.46318295284,340559.1369556444,344289.4393440733,,,plateau
Boxes_&_Balloons,jax_h200_ordinary,16,4164.373678636515,4119.10522488386,4174.055892976202,143.766677522799,1502744,plateau
Boxes_&_Balloons,jax_h200_ordinary,256,44711.40343224616,43992.867069807064,44847.25690901508,147.82725489418954,19932184,plateau
Boxes_&_Balloons,jax_h200_ordinary,1024,117899.79648509451,116761.4219329357,118827.73442942867,147.73240766394883,79055896,plateau
Boxes_&_Balloons,jax_h200_ordinary,4096,205625.74806493058,205569.3166464992,206158.05939729675,188.3878995659761,335723600,plateau
Boxes_&_Balloons,jax_h200_ordinary,8192,239124.50135210986,239039.2707792722,239138.11196890858,159.96860069804825,671204944,plateau
Boxes_&_Balloons,jax_h200_ordinary,16384,260351.27933207477,260214.79094144795,260447.0557563202,185.46004942199215,1261247056,plateau
Boxes_&_Balloons,jax_h200_ordinary,32768,273782.1515797516,273577.7389028497,274167.24926766916,243.1463323419448,2522376272,plateau
Boxes_&_Balloons,jax_h200_ordinary,65536,281925.99501311034,281894.24866538495,281930.8351550799,154.34962548897602,5044243536,plateau
Boxes_&_Balloons,jax_h200_ordinary,131072,284002.5303559503,283974.0596554846,284019.04361772374,184.62043436686508,10088234064,plateau
Caramelban,cpp_cpu,1,1849.7313201172117,1169.4952205407913,1849.971973628643,,,plateau
Caramelban,cpp_cpu,2,3756.342633269139,3692.4228833938605,3910.2534503887605,,,plateau
Caramelban,cpp_cpu,4,7379.513127417753,7365.671950093726,7561.560202529638,,,plateau
Caramelban,cpp_cpu,8,14647.607408097736,14622.569746491423,14670.250748362685,,,plateau
Caramelban,cpp_cpu,16,28855.932742106364,28791.32208351762,29040.616904169383,,,plateau
Caramelban,cpp_cpu,32,60844.73712114125,60723.732232874594,61172.92859326415,,,plateau
Caramelban,cpp_cpu,64,57049.927714069694,54471.95634080674,60565.379243603515,,,plateau
Caramelban,cpp_cpu,128,66582.02011135308,66339.82732592276,66671.87478616109,,,plateau
Caramelban,cpp_cpu,256,66819.31678118807,66423.52789922264,66929.1803928168,,,plateau
Caramelban,cpp_cpu,512,63381.763462226045,62567.88730492612,65781.1131829985,,,plateau
Caramelban,cpp_cpu,1024,65738.86964792878,65530.40266560102,65953.68646964215,,,plateau
Caramelban,cpp_cpu,2048,67303.62612744432,65996.85315662128,67408.13596377522,,,plateau
Caramelban,cpp_cpu,4096,66211.69530633095,65952.6596537163,66557.75153805975,,,plateau
Caramelban,jax_h200_ordinary,16,504.362166090316,503.04349131878314,508.1228885293001,197.068691350054,4812032,regression
Caramelban,jax_h200_ordinary,256,4965.391688338753,4864.168027242435,5059.300843686399,349.48727038898505,68530432,regression
Caramelban,jax_h200_ordinary,1024,8266.000945598142,7191.153729843875,8427.889042656208,775.7203037100844,272354248,regression
Caramelban,jax_h200_ordinary,4096,8843.723376754006,7767.797450663734,10183.699908939217,202.30465302197263,1087557576,regression
Caramelban,jax_h200_ordinary,8192,7531.540528802148,7102.221086317461,9203.24707689292,230.94967629411258,2174500808,regression
Crate_Assembler,cpp_cpu,1,3997.479061612986,3993.5032023657877,3999.9587063283957,,,timeout
Crate_Assembler,cpp_cpu,2,7959.294050852098,7940.8291835039045,7967.831002946215,,,timeout
Crate_Assembler,cpp_cpu,4,15963.561169213515,15960.449474651581,16401.859246129094,,,timeout
Crate_Assembler,cpp_cpu,8,31375.783119210988,31335.92270369573,31867.595331624543,,,timeout
Crate_Assembler,cpp_cpu,16,56324.377501879,54897.47944860231,56393.19052013671,,,timeout
Crate_Assembler,cpp_cpu,32,39369.11793034685,32821.13409564846,41944.64564095111,,,timeout
Crate_Assembler,cpp_cpu,64,34863.269616976075,34820.023563079885,34880.076913794604,,,timeout
Crate_Assembler,cpp_cpu,128,31289.779796771152,31246.232098806613,31583.27624110191,,,timeout
Crate_Assembler,cpp_cpu,256,31220.17511780345,29837.62103009752,31267.838199098584,,,timeout
Crate_Assembler,cpp_cpu,512,30597.95662088381,30190.83343478115,30987.294224757006,,,timeout
Crate_Assembler,cpp_cpu,1024,30111.87509939039,29010.46177153095,30212.589916415498,,,timeout
Heroes_of_Sokoban_III__The_Bard_and_The_Druid,cpp_cpu,1,5001.939896333171,4990.190171123905,5007.878101691339,,,regression
Heroes_of_Sokoban_III__The_Bard_and_The_Druid,cpp_cpu,2,9745.280931011155,9688.379112619898,9788.681920983381,,,regression
Heroes_of_Sokoban_III__The_Bard_and_The_Druid,cpp_cpu,4,18813.77438863695,18760.595016418385,18929.312221654574,,,regression
Heroes_of_Sokoban_III__The_Bard_and_The_Druid,cpp_cpu,8,36039.08935289219,35920.33808937954,36766.76946579599,,,regression
Heroes_of_Sokoban_III__The_Bard_and_The_Druid,cpp_cpu,16,68473.31341853438,67763.80723759523,69638.13588218487,,,regression
Heroes_of_Sokoban_III__The_Bard_and_The_Druid,cpp_cpu,32,134361.57051266273,132318.55777874865,138712.8065254022,,,regression
Heroes_of_Sokoban_III__The_Bard_and_The_Druid,cpp_cpu,64,163355.98100910455,160192.8108033437,165807.47100566953,,,regression
Heroes_of_Sokoban_III__The_Bard_and_The_Druid,cpp_cpu,128,169398.95240050397,167184.30471916814,174979.43743224174,,,regression
Heroes_of_Sokoban_III__The_Bard_and_The_Druid,cpp_cpu,256,171056.9482862058,168383.96397614267,171193.068541162,,,regression
Heroes_of_Sokoban_III__The_Bard_and_The_Druid,cpp_cpu,512,159061.1983269375,153017.66427478442,164541.75167940505,,,regression
Heroes_of_Sokoban_III__The_Bard_and_The_Druid,cpp_cpu,1024,154229.6151130755,152863.78277001283,157128.8695330907,,,regression
Heroes_of_Sokoban_III__The_Bard_and_The_Druid,cpp_cpu,2048,160381.81954551005,160025.19935443244,161681.8045765475,,,regression
Heroes_of_Sokoban_III__The_Bard_and_The_Druid,cpp_cpu,4096,165267.98810345813,165098.839316681,165566.07603753274,,,regression
Heroes_of_Sokoban_III__The_Bard_and_The_Druid,cpp_cpu,8192,118502.57146982233,117762.20494476812,118851.12384143677,,,regression
Heroes_of_Sokoban_III__The_Bard_and_The_Druid,jax_h200_ordinary,16,424.10557491407934,423.79825223342846,424.90661435001186,408.91221061209217,4308952,timeout
Heroes_of_Sokoban_III__The_Bard_and_The_Druid,jax_h200_ordinary,256,5977.352920292285,5964.292138226535,5995.234124317638,456.95302540506236,54459096,timeout
Heroes_of_Sokoban_III__The_Bard_and_The_Druid,jax_h200_ordinary,1024,15310.328252711923,15161.183582532178,15340.190609930038,484.7404766520485,211104472,timeout
Heroes_of_Sokoban_III__The_Bard_and_The_Druid,jax_h200_ordinary,4096,20873.82315687988,20835.01322614977,20973.00523192872,476.5580780620221,840774616,timeout
Heroes_of_Sokoban_III__The_Bard_and_The_Druid,jax_h200_ordinary,8192,22461.581468355867,22427.625018089246,22507.282755449305,615.9085968281142,1680376792,timeout
IceCrates,cpp_cpu,1,9017.779822717404,9011.00915954173,9020.426160587325,,,plateau
IceCrates,cpp_cpu,2,15704.483284063124,15673.481315167473,15744.068018152742,,,plateau
IceCrates,cpp_cpu,4,27279.605455676054,27238.340559520337,27377.8570601793,,,plateau
IceCrates,cpp_cpu,8,47411.15856153622,47214.177593074266,47426.02499650359,,,plateau
IceCrates,cpp_cpu,16,82968.1323302379,81784.63510533505,84078.13272090677,,,plateau
IceCrates,cpp_cpu,32,186776.06060162996,185220.01939956876,187898.8796080124,,,plateau
IceCrates,cpp_cpu,64,236778.25835309544,235395.58864211748,239551.99787608624,,,plateau
IceCrates,cpp_cpu,128,266138.3906002551,264387.2839058979,266912.0865448057,,,plateau
IceCrates,cpp_cpu,256,312097.75517484115,303355.80304933613,320582.7930540675,,,plateau
IceCrates,cpp_cpu,512,353906.42570238205,352974.78991657065,356160.0294134865,,,plateau
IceCrates,cpp_cpu,1024,339285.4243072838,336819.17770953703,339800.69914699276,,,plateau
IceCrates,cpp_cpu,2048,328057.9510572192,318431.3832736004,328978.9924273816,,,plateau
IceCrates,cpp_cpu,4096,340426.8975571555,332592.9926225846,342095.0997755155,,,plateau
IceCrates,jax_h200_ordinary,16,569.3575360711375,568.5571534497836,569.4095571860856,79.4741656051483,758928,plateau
IceCrates,jax_h200_ordinary,256,7701.7490278121095,7701.1106079519905,7701.987910825357,85.57089150394313,5444496,plateau
IceCrates,jax_h200_ordinary,1024,25692.406395307666,25645.58680025381,25712.843159133823,91.5643199509941,16245648,plateau
IceCrates,jax_h200_ordinary,4096,67003.63774470886,66999.2630593397,67144.07811113003,134.50888138404116,63585424,plateau
IceCrates,jax_h200_ordinary,8192,86387.33336511732,86383.15210961613,86445.63166248007,184.31223410903476,126204104,plateau
IceCrates,jax_h200_ordinary,16384,103451.87411846878,103435.23574601416,103523.76184182258,304.6382695029024,255218888,plateau
IceCrates,jax_h200_ordinary,32768,116589.75122195423,116508.65277139875,116592.98257697048,276.74928523390554,509994184,plateau
IceCrates,jax_h200_ordinary,65536,123531.19709485119,123509.94707297909,123533.98056738709,95.28781012888066,1006660808,plateau
IceCrates,jax_h200_ordinary,131072,129155.53908796307,129144.75631500385,129165.7262560628,121.08069676416926,2038522056,plateau
IceCrates,jax_h200_ordinary,262144,128762.3688680738,128755.30186853776,128764.5139138053,148.60302554490045,4076560584,plateau
IceCrates,jax_h200_ordinary,524288,128163.44340498853,128087.94352245881,128173.02315343727,261.73619120405056,8213984200,plateau
Indigestion,cpp_cpu,1,4939.407301387876,4914.3857189209675,4946.972510673139,,,regression
Indigestion,cpp_cpu,2,9214.186276935643,9188.1129080604,9265.24449314199,,,regression
Indigestion,cpp_cpu,4,16936.130571120862,16918.57684250322,17009.867398222475,,,regression
Indigestion,cpp_cpu,8,30352.457197607113,30344.04837151981,30452.621950583805,,,regression
Indigestion,cpp_cpu,16,54892.8974840789,54379.54476738074,55024.29284328693,,,regression
Indigestion,cpp_cpu,32,108724.3815334446,108379.05072673816,111407.18498444116,,,regression
Indigestion,cpp_cpu,64,127020.45151308535,125792.47250062622,128580.05030901173,,,regression
Indigestion,cpp_cpu,128,135975.55194780524,134608.9932263659,137418.7391754673,,,regression
Indigestion,cpp_cpu,256,116260.86795269388,115115.11542409309,116471.05496571437,,,regression
Indigestion,cpp_cpu,512,112975.58656335049,112855.82107207236,113546.35653867092,,,regression
Indigestion,cpp_cpu,1024,103617.9720219582,102794.12010912011,105310.73173834964,,,regression
Indigestion,cpp_cpu,2048,112210.37459188666,100220.1224229035,113055.82136113038,,,regression
Indigestion,cpp_cpu,4096,107037.28427247425,99317.53961023645,111629.06392589075,,,regression
Indigestion,cpp_cpu,8192,89291.70134387993,88750.0779163968,89844.4496043694,,,regression
Indigestion,jax_h200_ordinary,16,254.7478707919804,253.99715920767852,255.34900093552199,772.2605369798839,5306336,timeout
Indigestion,jax_h200_ordinary,256,2886.998910672365,2886.216145670118,2917.6605432911074,955.8294870781247,66368992,timeout
Indigestion,jax_h200_ordinary,1024,6796.628988847993,6788.603252047222,6802.129936501503,1286.8383950621355,261862632,timeout
Memories_Of_Castlemouse,cpp_cpu,1,5441.80428406503,5435.822029202858,5446.612531012652,,,plateau
Memories_Of_Castlemouse,cpp_cpu,2,10829.067890275772,10826.112465507164,11333.222377558712,,,plateau
Memories_Of_Castlemouse,cpp_cpu,4,21275.364618439602,21241.004961841587,21415.180639595892,,,plateau
Memories_Of_Castlemouse,cpp_cpu,8,42748.85797671377,41696.070914468066,44607.271311038436,,,plateau
Memories_Of_Castlemouse,cpp_cpu,16,75931.9918536984,75575.91778154646,76375.09061016214,,,plateau
Memories_Of_Castlemouse,cpp_cpu,32,137043.39703309687,135175.56003068617,139759.56428025218,,,plateau
Memories_Of_Castlemouse,cpp_cpu,64,141421.4726516119,135958.75957975443,143686.66820948405,,,plateau
Memories_Of_Castlemouse,cpp_cpu,128,147325.8466621684,145831.17289412464,149730.1323378673,,,plateau
Memories_Of_Castlemouse,cpp_cpu,256,154759.3019302429,146728.8907008555,155293.86743305405,,,plateau
Memories_Of_Castlemouse,cpp_cpu,512,152476.1735271501,151520.5114455937,153515.10003457524,,,plateau
Memories_Of_Castlemouse,cpp_cpu,1024,150011.05892151874,148150.50858002406,150392.43718996388,,,plateau
Memories_Of_Castlemouse,cpp_cpu,2048,146996.65012228288,145769.86448984273,147708.08798323327,,,plateau
Memories_Of_Castlemouse,cpp_cpu,4096,147100.15044888403,145647.85385480907,147609.10829722215,,,plateau
ParaLands,cpp_cpu,1,1579.4775857707136,1568.8942309110462,1582.959173728028,,,regression
ParaLands,cpp_cpu,2,2513.95255109386,2473.2135151171124,2517.9516699867377,,,regression
ParaLands,cpp_cpu,4,4350.815195202132,4333.891550080685,4356.633463014728,,,regression
ParaLands,cpp_cpu,8,7742.143114559423,7711.960091384654,7745.894263163866,,,regression
ParaLands,cpp_cpu,16,14417.839510064732,14395.070381890846,14423.280141354904,,,regression
ParaLands,cpp_cpu,32,30344.205953140416,30342.835883495747,30850.604340162205,,,regression
ParaLands,cpp_cpu,64,34696.745427565766,34562.770798127145,34876.355544943246,,,regression
ParaLands,cpp_cpu,128,36103.6794904862,36006.19810970631,36342.53722818086,,,regression
ParaLands,cpp_cpu,256,35864.964195903754,34721.13047687815,37123.47319660639,,,regression
ParaLands,cpp_cpu,512,39599.23387922117,39508.413532073304,39719.216315457015,,,regression
ParaLands,cpp_cpu,1024,41239.6603588352,40902.78072815337,41501.77542513837,,,regression
ParaLands,cpp_cpu,2048,41655.895676373264,41494.341828022145,41706.38620041274,,,regression
ParaLands,cpp_cpu,4096,31077.227795356263,27446.098407000052,34396.89763211031,,,regression
ParaLands,jax_h200_ordinary,16,56.65873233549645,56.233503405161656,56.839226230662895,1454.2984318470117,12877800,timeout
Sokoboros,cpp_cpu,1,925.9312129683356,921.0815043093701,929.6188674777139,,,regression
Sokoboros,cpp_cpu,2,1828.311216681941,1824.6894162766514,1835.897773055031,,,regression
Sokoboros,cpp_cpu,4,3595.245037320679,3591.7429542957316,3632.557360802752,,,regression
Sokoboros,cpp_cpu,8,7115.602384679014,7066.366763763201,7123.4437241750065,,,regression
Sokoboros,cpp_cpu,16,12820.463526295707,12807.4417414568,12950.44289652617,,,regression
Sokoboros,cpp_cpu,32,28101.03187529828,28060.88226607694,28375.10706684009,,,regression
Sokoboros,cpp_cpu,64,28860.440337069664,28781.23794776484,28975.717917247992,,,regression
Sokoboros,cpp_cpu,128,28971.33255792832,28926.93145270253,28996.897699056284,,,regression
Sokoboros,cpp_cpu,256,28896.849325236926,28829.64114435777,28943.13798049684,,,regression
Sokoboros,cpp_cpu,512,28844.20597947042,28779.447193933167,28854.116044700182,,,regression
Sokoboros,cpp_cpu,1024,29302.317716437345,29280.164158070194,29314.53482924577,,,regression
Sokoboros,cpp_cpu,2048,29444.38372111179,29309.37883246564,29494.466767682192,,,regression
Sokoboros,cpp_cpu,4096,25454.457198072487,25160.624737110436,25733.740932645953,,,regression
Sokoboros,jax_h200_ordinary,16,969.2941860127871,942.3744292518879,970.6552856938648,270.6328777601011,32650176,timeout
Sokoboros,jax_h200_ordinary,256,1322.352299921785,1308.2532896830505,1329.845647929635,277.0467543650884,515487176,timeout
Sokoboros,jax_h200_ordinary,1024,1408.8156580931422,1373.0289086818004,1414.9514636045765,308.1345332930796,2060790216,timeout
Sokoboros,jax_h200_ordinary,4096,1407.9609583124322,1358.988825467802,1434.0267626850616,468.0751467139926,8241930696,timeout
SwapBot,cpp_cpu,1,8737.069583735121,8736.937948441046,8760.912104064217,,,regression
SwapBot,cpp_cpu,2,16907.181823688352,16824.77068857718,16943.773719254616,,,regression
SwapBot,cpp_cpu,4,31516.372583039047,31342.02582153074,31674.644027683946,,,regression
SwapBot,cpp_cpu,8,57254.70394365618,57123.46642740401,57833.61819737894,,,regression
SwapBot,cpp_cpu,16,98938.99489681797,98937.11024136168,101551.97495268655,,,regression
SwapBot,cpp_cpu,32,204489.13818320935,203603.82863198742,206545.6397299892,,,regression
SwapBot,cpp_cpu,64,265418.96941262553,259372.98419571607,266643.0315463768,,,regression
SwapBot,cpp_cpu,128,296412.97342865204,294730.87240616523,296966.43681554485,,,regression
SwapBot,cpp_cpu,256,317486.26550055796,314869.9772787416,320170.8208945106,,,regression
SwapBot,cpp_cpu,512,163662.527408904,157350.32206773042,166955.43974944833,,,regression
SwapBot,cpp_cpu,1024,224238.13767731792,219472.3511268815,225026.81899922743,,,regression
SwapBot,cpp_cpu,2048,233823.05701314827,233180.10139976014,239472.59970009548,,,regression
SwapBot,cpp_cpu,4096,239854.03097813702,232603.0365818067,243478.1114332281,,,regression
SwapBot,cpp_cpu,8192,215365.01625421623,207269.00340448084,215694.94564985752,,,regression
SwapBot,jax_h200_ordinary,16,563.4953433437167,559.0658515029476,570.4118556533808,275.0110331850592,1751872,timeout
SwapBot,jax_h200_ordinary,256,3471.7683528599973,3471.328495472407,3527.3320972451484,292.7326716359239,16233024,timeout
SwapBot,jax_h200_ordinary,1024,10344.326470603237,10334.984604032154,10347.714071219028,370.2315734329168,62573888,timeout
SwapBot,jax_h200_ordinary,4096,18459.041540347283,18434.404847092148,18511.61553809699,633.1046403939836,247686552,timeout
SwapBot,jax_h200_ordinary,8192,21373.337439464336,21360.189129230603,21373.85067788352,1024.6049022271764,495647136,timeout
SwapBot,jax_h200_ordinary,16384,23580.32050325778,23572.553528903765,23581.309898388256,288.9850890019443,990436768,timeout
SwapBot,jax_h200_ordinary,32768,25222.697624423665,25220.414247857712,25224.86769173895,305.54369623889215,1984651680,timeout
Symbolism,cpp_cpu,1,5341.417170333848,5323.005581159938,5376.277703968426,,,regression
Symbolism,cpp_cpu,2,10277.366600220628,10230.908469665495,10281.728417373599,,,regression
Symbolism,cpp_cpu,4,19181.572253716186,19160.03056891729,19596.048550959225,,,regression
Symbolism,cpp_cpu,8,35262.30348657133,34750.45986171739,35665.769307417206,,,regression
Symbolism,cpp_cpu,16,62952.72615426072,62868.4665329506,63197.62627221597,,,regression
Symbolism,cpp_cpu,32,119972.00205380339,113553.35951600906,125137.32548185671,,,regression
Symbolism,cpp_cpu,64,128365.49973842902,123078.91326939772,144008.39164578996,,,regression
Symbolism,cpp_cpu,128,131641.0296797612,128145.46025772874,147409.44532784008,,,regression
Symbolism,cpp_cpu,256,75844.06409671278,74269.41872983737,76738.23173879576,,,regression
Symbolism,cpp_cpu,512,105032.19783866867,101138.12343979882,105421.80192543833,,,regression
Symbolism,cpp_cpu,1024,123756.45552779506,119478.21566636737,124673.24195001158,,,regression
Symbolism,cpp_cpu,2048,116649.2568944838,112433.5391518878,116670.47576896621,,,regression
Symbolism,cpp_cpu,4096,128064.81085910929,123669.06947177499,128721.35701037773,,,regression
Symbolism,cpp_cpu,8192,93572.54140522021,91275.9248018798,97142.17298636973,,,regression
Symbolism,jax_h200_ordinary,16,188.23705356764646,188.21085783404118,189.29259032149548,2063.651633217931,5550832,timeout
Transition,cpp_cpu,1,2172.2652109919272,2157.477756374605,2172.5661009164746,,,regression
Transition,cpp_cpu,2,4311.91931357079,4294.372267778576,4313.998628644626,,,regression
Transition,cpp_cpu,4,8537.197685609346,8526.121226471601,8540.259441909922,,,regression
Transition,cpp_cpu,8,16899.606222562503,16744.119886584424,16948.20345875982,,,regression
Transition,cpp_cpu,16,32723.08488684963,32569.253668863075,32744.20159149897,,,regression
Transition,cpp_cpu,32,74291.85134098661,48183.18192471854,78007.50196321306,,,regression
Transition,cpp_cpu,64,73905.65692100451,65373.44047530735,83114.88707573742,,,regression
Transition,cpp_cpu,128,51908.073377303655,46383.991526082405,56191.06009943751,,,regression
Transition,cpp_cpu,256,82279.4117743549,78741.4904928895,83973.6193204289,,,regression
Transition,cpp_cpu,512,67660.33071483299,63842.16900552713,70201.41366057433,,,regression
Transition,cpp_cpu,1024,66381.24308542068,66377.75027238466,68643.85386151639,,,regression
Transition,cpp_cpu,2048,59001.11884073879,58688.247335337284,60203.8881465333,,,regression
Transition,jax_h200_ordinary,16,55.40897424728541,54.72971020292159,55.85711245116723,595.168924742844,10707224,timeout
Transition,jax_h200_ordinary,256,332.02999402330033,331.88252855621556,332.0927976517007,611.9063902399503,151189528,timeout
Transition,jax_h200_ordinary,1024,622.658362675783,622.0066096745344,623.1930037880721,1125.7382705758791,601507776,timeout
Unconventional_Guns,cpp_cpu,1,8063.225456640436,8061.105269333477,8072.927060521924,,,regression
Unconventional_Guns,cpp_cpu,2,15950.458003787306,15946.262064346882,15996.715647773724,,,regression
Unconventional_Guns,cpp_cpu,4,30432.792149376703,30403.81948388201,30876.6282408859,,,regression
Unconventional_Guns,cpp_cpu,8,57548.88495432853,54723.261936723764,57695.58546718085,,,regression
Unconventional_Guns,cpp_cpu,16,94708.8706173782,92634.14517881103,95092.35347468781,,,regression
Unconventional_Guns,cpp_cpu,32,178513.0244139108,170305.11597291753,184490.56662911084,,,regression
Unconventional_Guns,cpp_cpu,64,197743.03251493414,192073.40327705658,198915.62583292212,,,regression
Unconventional_Guns,cpp_cpu,128,222601.0696918011,221867.56812567872,231857.32708640877,,,regression
Unconventional_Guns,cpp_cpu,256,238768.49394461708,233074.04858589673,239305.1778920379,,,regression
Unconventional_Guns,cpp_cpu,512,215423.49192571902,215245.49613419262,217437.5973304269,,,regression
Unconventional_Guns,cpp_cpu,1024,209891.30054982845,200225.0231897095,211560.81925673134,,,regression
Unconventional_Guns,cpp_cpu,2048,200790.05068957421,200474.69531427728,204447.1038088762,,,regression
Unconventional_Guns,cpp_cpu,4096,183212.41324340366,181200.01256142,183338.14004213345,,,regression
Unconventional_Guns,jax_h200_ordinary,16,1546.9513061797038,1544.1067618851423,1552.9281307794192,442.82092959503643,2385640,regression
Unconventional_Guns,jax_h200_ordinary,256,19571.882424512074,13214.469672999428,19579.805655080494,500.0094484910369,26689768,regression
Unconventional_Guns,jax_h200_ordinary,1024,53363.02499475587,28147.87510119399,53400.95022617796,550.5410313329194,105082344,regression
Unconventional_Guns,jax_h200_ordinary,4096,89183.9825837261,35276.996737391004,89218.6267801534,838.001026095124,417904344,regression
Unconventional_Guns,jax_h200_ordinary,8192,88082.3678786679,32202.537478524693,104239.65125802242,453.3567017209716,836276440,regression
Unconventional_Guns,jax_h200_ordinary,16384,35658.14931776201,19052.668125630007,67217.19223460676,502.40921457787044,1668650712,regression
Vacuum,cpp_cpu,1,413.89735158755724,409.7401035309756,416.30863031172663,,,regression
Vacuum,cpp_cpu,2,777.0013054696793,773.5430291870281,785.7259104797891,,,regression
Vacuum,cpp_cpu,4,1459.777614201077,1420.1693733330749,1531.5492431983812,,,regression
Vacuum,cpp_cpu,8,2407.7716492137074,2293.6530071909297,2434.940038414215,,,regression
Vacuum,cpp_cpu,16,3513.6252752121823,3339.0960689130447,3631.4795478373,,,regression
Vacuum,cpp_cpu,32,6841.948798225013,6794.266765963513,8459.32590779695,,,regression
Vacuum,cpp_cpu,64,9744.39571046733,8963.525412484572,10069.559401344428,,,regression
Vacuum,cpp_cpu,128,10225.506443936458,9859.975931431827,10579.180120290812,,,regression
Vacuum,cpp_cpu,256,11724.983319924004,11429.219018412163,11783.03201868891,,,regression
Vacuum,cpp_cpu,512,12593.954174399105,12423.609611739595,12907.861284400215,,,regression
Vacuum,cpp_cpu,1024,11806.830490035218,11794.530735120912,11912.643455960802,,,regression
Vacuum,cpp_cpu,2048,14249.7312028664,14179.488013725155,14437.602890062966,,,regression
Vacuum,cpp_cpu,4096,13536.378823957384,11885.912580933642,14110.004920766298,,,regression
Vacuum,cpp_cpu,8192,11492.106630060429,11462.831578555044,11518.928833107686,,,regression
Vacuum,jax_h200_ordinary,16,283.98114611219626,220.13631056655663,287.40847208169754,1165.28799862694,91385576,timeout
Vacuum,jax_h200_ordinary,256,83.33710464061137,80.88605700299283,86.45574322608273,1267.6592145280447,1442470328,timeout
castlecloset,cpp_cpu,1,4569.496426807451,4568.774002372613,4575.385951348813,,,regression
castlecloset,cpp_cpu,2,9022.504464575073,9004.290547975434,9035.671586649118,,,regression
castlecloset,cpp_cpu,4,17837.63331080644,17660.799950145753,17849.027215207065,,,regression
castlecloset,cpp_cpu,8,35389.39887364779,34784.14230401884,35450.91316436821,,,regression
castlecloset,cpp_cpu,16,68723.97551316628,68712.03469408852,69543.86576941506,,,regression
castlecloset,cpp_cpu,32,153464.53912497152,152969.89252471592,153576.83924254836,,,regression
castlecloset,cpp_cpu,64,125343.51486466482,107981.76881769496,166833.3557964472,,,regression
castlecloset,cpp_cpu,128,178145.53168744998,177531.48989038044,178434.79332552198,,,regression
castlecloset,cpp_cpu,256,184764.69769326563,181135.3138569478,189471.35541442301,,,regression
castlecloset,cpp_cpu,512,174664.89361979958,173683.3856189302,176939.5453670868,,,regression
castlecloset,cpp_cpu,1024,169669.80817181585,137941.41438494262,178360.32692370575,,,regression
castlecloset,cpp_cpu,2048,171529.52235322574,170639.3422859837,172797.65995184524,,,regression
castlecloset,cpp_cpu,4096,198329.38486780564,196319.8436951324,198510.58689564245,,,regression
castlecloset,cpp_cpu,8192,182465.00282246683,177920.10412081837,183645.0586757462,,,regression
castlecloset,cpp_cpu,16384,150424.62796558632,150422.45522284156,150598.0790712769,,,regression
castlecloset,jax_h200_ordinary,16,1808.2131049021912,1804.3049518744692,1812.8687637160529,314.0012709470466,2779232,plateau
castlecloset,jax_h200_ordinary,256,16709.077675925935,16528.814384168938,16822.81900800864,267.3397422230337,35023712,plateau
castlecloset,jax_h200_ordinary,1024,35992.05397591281,34724.91335639696,37536.94633004516,269.96881042490713,138265048,plateau
castlecloset,jax_h200_ordinary,4096,48843.43175196695,46573.827459062166,53016.59106687264,342.3734072020743,551694280,plateau
castlecloset,jax_h200_ordinary,8192,49714.3544371833,47481.023021275956,54632.03282191438,439.59022748610005,1103175624,plateau
castlecloset,jax_h200_ordinary,16384,48470.961286318976,46928.38312843747,52257.73150504478,622.7073612699751,2205295560,plateau
