game,batch,baseline_steps_per_s,current_steps_per_s,speedup,baseline_temporary_bytes,current_temporary_bytes
notsnake,256,247905.6668861689,256525.64900769462,1.0347712185437203,1414360,1413336
notsnake,4096,2915481.360067548,3021641.295187492,1.0364124897431977,22077912,24555224
Slidings,256,62110.2778547247,62333.00096443694,1.0035859300168193,1503448,1501912
Slidings,4096,711131.1844087886,708623.2333244696,0.9964732933398162,23590872,24310744
limerick,256,104746.97024293226,104196.18887104056,0.9947417918569452,20362712,20364248
limerick,4096,318266.50850633584,315502.3231132823,0.9913148719102549,313171160,313207000
kettle,256,51591.61650437595,55680.13769498246,1.0792477822488802,7266520,7264984
kettle,4096,302686.4763949105,324556.0244131987,1.0722514870131012,115542528,121299968
Take_Heart_Lass,256,58975.649046611,59951.562990497645,1.0165477440208472,3814616,3813080
Take_Heart_Lass,4096,622263.9669794152,633517.0527131154,1.018084103099083,62630360,63030744
atlas shrank,256,7469.1329446326135,7686.1825531038485,1.0290595454760527,86216800,86214752
atlas shrank,4096,50285.62298939242,51432.24664302006,1.0228022163287014,1368667152,1371474960
nekopuzzle,256,167555.80882864943,169463.6365053765,1.011386222238813,2845656,2844632
nekopuzzle,4096,1568391.404384158,1578560.7101636229,1.0064839081309922,44565464,44564440
sokoban_match3,256,171339.95641400706,203681.7576746192,1.1887580803538025,2181848,2180824
sokoban_match3,4096,1649739.171175867,1898686.2948448781,1.1509008987715141,34597848,35944664
Travelling_salesman,256,203008.56017318266,209853.80514652512,1.033718996713749,1327832,1326808
Travelling_salesman,4096,2458099.1026521316,2517529.9298244664,1.024177555375295,20806360,21395160
